"","BHK","Rent","Size","Area.Type","Area.Locality","Furnishing.Status","Tenant.Preferred","Bathroom","Point.of.Contact"
"1","2",15000,1100,"Super Area","Medavakkam","Semi-Furnished","Bachelors",2,"Contact Owner"
"2","2",6500,1000,"Super Area","Urapakkam, Vandalur R.F, GST Road","Semi-Furnished","Bachelors/Family",2,"Contact Owner"
"3","3",90000,2400,"Carpet Area","R.A Puram, Mandaiveli","Semi-Furnished","Bachelors/Family",3,"Contact Agent"
"4","3",200000,3000,"Super Area","Madras Boat Club Road","Furnished","Family",4,"Contact Agent"
"5","1",15000,650,"Carpet Area","Kambar Colony","Semi-Furnished","Bachelors/Family",1,"Contact Owner"
"6","2",15000,1000,"Carpet Area","Thalambur","Semi-Furnished","Bachelors",2,"Contact Owner"
"7","2",7600,700,"Super Area","Anakaputhur","Unfurnished","Bachelors/Family",2,"Contact Owner"
"8","3",29000,1200,"Carpet Area","Ashok Nagar","Semi-Furnished","Bachelors",3,"Contact Agent"
"9","3",20000,1710,"Super Area","Padur, Old Mahabalipuram Road","Semi-Furnished","Bachelors/Family",3,"Contact Owner"
"10","2",12000,600,"Super Area","Mangadu","Furnished","Bachelors/Family",2,"Contact Owner"
"11","2",10500,1080,"Super Area","Ponmar","Unfurnished","Bachelors/Family",2,"Contact Owner"
"12","2",29000,1300,"Super Area","Annanagar west","Semi-Furnished","Bachelors/Family",2,"Contact Owner"
"13","2",26000,1027,"Super Area","Karapakkam","Semi-Furnished","Bachelors",2,"Contact Agent"
"14","3",25000,1350,"Super Area","Alandur","Furnished","Family",3,"Contact Owner"
"15","2",10000,950,"Super Area","Selaiyur","Unfurnished","Family",2,"Contact Owner"
"16","2",14000,1300,"Super Area","Iyyappanthangal","Unfurnished","Bachelors/Family",2,"Contact Owner"
"17","2",6000,600,"Super Area","Poonamallee","Unfurnished","Bachelors/Family",1,"Contact Owner"
"18","3",40000,1428,"Super Area","Chromepet, GST Road","Unfurnished","Bachelors",2,"Contact Owner"
"19","2",23000,920,"Carpet Area","KK Nagar","Semi-Furnished","Bachelors/Family",2,"Contact Owner"
"20","2",10000,600,"Carpet Area","Sadhanadhapuram","Semi-Furnished","Bachelors/Family",2,"Contact Owner"
"21","2",10000,810,"Carpet Area","Tambaram West, Tambaram, Chennai Bypass Road","Unfurnished","Bachelors",1,"Contact Owner"
"22","2",15000,1200,"Super Area","Ramapuram","Semi-Furnished","Bachelors/Family",2,"Contact Owner"
"23","1",11000,550,"Super Area","Poongavanapuram","Semi-Furnished","Bachelors/Family",1,"Contact Owner"
"24","2",20000,600,"Super Area","Egmore, PH Road","Unfurnished","Family",1,"Contact Owner"
"25","2",15000,850,"Super Area","Old Mahabalipuram Road","Furnished","Bachelors/Family",1,"Contact Owner"
"26","4",22000,2117,"Carpet Area","Sholinganallur","Semi-Furnished","Bachelors/Family",4,"Contact Owner"
"27","2",6000,900,"Super Area","Guduvancheri","Unfurnished","Bachelors",2,"Contact Owner"
"28","2",20000,1000,"Super Area","Thiruvanmiyur","Semi-Furnished","Bachelors/Family",2,"Contact Owner"
"29","1",6500,500,"Super Area","Aminjikarai, PH Road","Unfurnished","Bachelors/Family",1,"Contact Owner"
"30","2",12000,800,"Super Area","Purasawalkam, PH Road","Semi-Furnished","Bachelors/Family",1,"Contact Owner"
"31","2",27000,1550,"Super Area","Alwarpet","Semi-Furnished","Bachelors/Family",3,"Contact Owner"
"32","2",15000,1500,"Super Area","Madanankppam","Unfurnished","Bachelors/Family",2,"Contact Owner"
"33","3",20000,1700,"Carpet Area","Thirumazhisai","Furnished","Bachelors/Family",6,"Contact Owner"
"34","2",22000,700,"Super Area","T Nagar","Semi-Furnished","Bachelors/Family",2,"Contact Owner"
"35","1",7000,400,"Super Area","Koyambedu","Unfurnished","Bachelors/Family",1,"Contact Owner"
"36","2",7000,450,"Super Area","Pammal","Semi-Furnished","Bachelors/Family",1,"Contact Owner"
"37","1",6500,500,"Super Area","Velachery","Furnished","Bachelors/Family",1,"Contact Owner"
"38","2",9000,770,"Super Area","Tambaram, GST Road","Semi-Furnished","Bachelors/Family",2,"Contact Owner"
"39","1",4500,150,"Super Area","Velachery","Semi-Furnished","Bachelors/Family",1,"Contact Owner"
"40","2",12000,850,"Super Area","Perambur","Unfurnished","Family",2,"Contact Owner"
"41","2",18000,1100,"Carpet Area","Iyyappanthangal","Semi-Furnished","Bachelors",2,"Contact Owner"
"42","2",8000,650,"Carpet Area","Bunder Garden, Perambur","Unfurnished","Bachelors/Family",1,"Contact Owner"
"43","1",5000,550,"Super Area","Sikkarayapuram","Unfurnished","Bachelors/Family",1,"Contact Owner"
"44","2",14000,1000,"Super Area","Kanathur Reddikuppam","Unfurnished","Bachelors/Family",2,"Contact Owner"
"45","1",6500,250,"Super Area","Adambakkam","Semi-Furnished","Bachelors/Family",1,"Contact Owner"
"46","2",10000,790,"Carpet Area","Kovilancheri","Semi-Furnished","Bachelors/Family",2,"Contact Owner"
"47","2",13000,600,"Super Area","Medavakkam","Semi-Furnished","Bachelors/Family",2,"Contact Owner"
"48","2",11200,700,"Super Area","Nanganallur","Unfurnished","Bachelors/Family",2,"Contact Owner"
"49","1",8900,550,"Carpet Area","Karambakkam, Porur","Unfurnished","Bachelors/Family",1,"Contact Owner"
"50","1",12000,500,"Super Area","Arumbakkam","Unfurnished","Bachelors/Family",1,"Contact Owner"
"51","3",45000,1800,"Carpet Area","Royapettah","Unfurnished","Bachelors",3,"Contact Agent"
"52","3",35000,1550,"Carpet Area","Thiruvanmiyur","Semi-Furnished","Bachelors",2,"Contact Agent"
"53","3",34999,1462,"Carpet Area","Nandambakkam","Semi-Furnished","Family",3,"Contact Agent"
"54","2",11000,970,"Carpet Area","Pallikaranai","Semi-Furnished","Bachelors",2,"Contact Owner"
"55","3",150000,2300,"Carpet Area","Adyar, Sardar Patel Road","Semi-Furnished","Bachelors",3,"Contact Agent"
"56","2",15000,700,"Super Area","Nanganallur","Unfurnished","Bachelors/Family",1,"Contact Owner"
"57","2",15000,674,"Carpet Area","Chromepet, GST Road","Unfurnished","Bachelors",2,"Contact Owner"
"58","2",10000,750,"Carpet Area","Tambaram East","Unfurnished","Family",2,"Contact Owner"
"59","2",12000,1000,"Super Area","Tambaram Sanatorium","Semi-Furnished","Bachelors/Family",2,"Contact Owner"
"60","2",10000,1030,"Carpet Area","Camp Road","Semi-Furnished","Bachelors/Family",2,"Contact Owner"
"61","3",35000,1540,"Carpet Area","Ranganathapuram-Medavakkam","Furnished","Bachelors",2,"Contact Owner"
"62","3",40000,1800,"Carpet Area","T Nagar","Unfurnished","Bachelors",3,"Contact Agent"
"63","2",24000,1100,"Super Area","Kodambakkam","Unfurnished","Bachelors/Family",2,"Contact Owner"
"64","2",12000,985,"Super Area","Oragadam Sriperumbudur","Unfurnished","Bachelors/Family",2,"Contact Owner"
"65","2",30000,1200,"Carpet Area","Mandaiveli","Semi-Furnished","Bachelors/Family",2,"Contact Agent"
"66","2",10000,1200,"Super Area","Tambaram, GST Road","Unfurnished","Bachelors/Family",2,"Contact Owner"
"67","2",15000,900,"Super Area","Purasawalkam, PH Road","Unfurnished","Bachelors/Family",2,"Contact Owner"
"68","2",33000,800,"Carpet Area","Abiramapuram","Unfurnished","Bachelors/Family",2,"Contact Agent"
"69","2",9000,800,"Super Area","Perungalathur, Chennai Bypass Road","Semi-Furnished","Bachelors/Family",2,"Contact Owner"
"70","3",30000,1500,"Super Area","Okkiyam Thuraipakkam, E Coast Road","Semi-Furnished","Bachelors/Family",3,"Contact Owner"
"71","2",13000,680,"Super Area","T.Nagar","Unfurnished","Bachelors/Family",2,"Contact Owner"
"72","2",15000,800,"Super Area","KK Nagar West, KK Nagar","Semi-Furnished","Bachelors/Family",2,"Contact Owner"
"73","2",12000,875,"Super Area","Madipakkam","Semi-Furnished","Bachelors",2,"Contact Owner"
"74","2",20000,880,"Carpet Area","KK Nagar","Semi-Furnished","Family",2,"Contact Owner"
"75","3",36000,1500,"Super Area","Choolaimedu","Semi-Furnished","Bachelors/Family",3,"Contact Owner"
"76","2",10000,950,"Super Area","Sithalapakkam","Unfurnished","Bachelors/Family",2,"Contact Owner"
"77","2",16000,850,"Super Area","Mambalam West","Semi-Furnished","Bachelors/Family",2,"Contact Owner"
"78","1",6000,700,"Super Area","Pachaiyamman Nagar","Semi-Furnished","Bachelors/Family",1,"Contact Owner"
"79","3",22000,2000,"Super Area","Pushpa Colony, Saligramam","Semi-Furnished","Family",2,"Contact Owner"
"80","1",6000,450,"Super Area","Nungambakkam","Unfurnished","Bachelors/Family",1,"Contact Owner"
"81","1",6500,400,"Super Area","Perungudi","Unfurnished","Bachelors/Family",1,"Contact Owner"
"82","1",3000,350,"Super Area","Ennore","Unfurnished","Bachelors/Family",1,"Contact Owner"
"83","3",27000,1650,"Carpet Area","Thillai Ganga Nagar, Nanganallur","Semi-Furnished","Family",3,"Contact Owner"
"84","2",8000,800,"Super Area","Tambaram, GST Road","Unfurnished","Bachelors/Family",1,"Contact Owner"
"85","2",12500,600,"Super Area","Abiramapuram","Unfurnished","Bachelors/Family",1,"Contact Owner"
"86","2",11000,800,"Super Area","Perungudi","Unfurnished","Bachelors/Family",1,"Contact Owner"
"87","3",40000,1600,"Super Area","Raja Annamalai Puram","Semi-Furnished","Bachelors/Family",3,"Contact Owner"
"88","2",15000,700,"Carpet Area","Choolaimedu","Unfurnished","Bachelors",2,"Contact Agent"
"89","2",8000,800,"Super Area","Kayarambedu","Semi-Furnished","Bachelors/Family",2,"Contact Owner"
"90","3",34000,2120,"Super Area","Siruseri","Furnished","Bachelors/Family",3,"Contact Owner"
"91","1",7500,560,"Super Area","Khurunjis zinnia Apartment Homes at Thambaram west","Unfurnished","Bachelors/Family",1,"Contact Owner"
"92","1",14000,420,"Carpet Area","Mambalam West","Unfurnished","Bachelors",1,"Contact Owner"
"93","2",15000,1000,"Built Area","Chromepet, GST Road","Furnished","Bachelors/Family",2,"Contact Owner"
"94","3",21000,1330,"Super Area","AGS Colony-Velachery","Semi-Furnished","Bachelors/Family",3,"Contact Owner"
"95","3",12000,930,"Super Area","Kelambakkam, Old Mahabalipuram Road","Semi-Furnished","Family",2,"Contact Owner"
"96","3",75000,1900,"Carpet Area","Gopalapuram","Semi-Furnished","Family",3,"Contact Agent"
"97","2",15000,1200,"Super Area","Pallikaranai","Furnished","Bachelors/Family",2,"Contact Owner"
"98","1",6000,350,"Super Area","Tambaram, GST Road","Unfurnished","Bachelors/Family",1,"Contact Owner"
"99","3",20500,1000,"Super Area","Virugambakkam","Semi-Furnished","Bachelors/Family",1,"Contact Owner"
"100","2",13500,1210,"Super Area","Padur, Old Mahabalipuram Road","Semi-Furnished","Bachelors/Family",2,"Contact Owner"
"101","2",10000,750,"Carpet Area","Pattabiram","Unfurnished","Bachelors/Family",2,"Contact Owner"
"102","3",15000,1150,"Carpet Area","Pallavaram","Semi-Furnished","Bachelors/Family",3,"Contact Owner"
"103","2",11000,800,"Carpet Area","East Coast Road","Unfurnished","Family",2,"Contact Owner"
"104","2",12000,930,"Carpet Area","Tiruvallur","Furnished","Family",2,"Contact Owner"
"105","2",15000,2800,"Carpet Area","Pudur","Unfurnished","Family",2,"Contact Owner"
"106","2",20000,800,"Carpet Area","Vadapalani","Semi-Furnished","Family",2,"Contact Agent"
"107","2",24000,850,"Super Area","Mylapore","Unfurnished","Bachelors/Family",2,"Contact Owner"
"108","2",16000,650,"Super Area","Mylapore","Semi-Furnished","Bachelors/Family",2,"Contact Owner"
"109","2",10000,770,"Super Area","Perungalathur, Chennai Bypass Road","Unfurnished","Family",1,"Contact Owner"
"110","3",30000,1800,"Carpet Area","Villivakkam, Jawaharlal Nehru Road","Semi-Furnished","Bachelors",3,"Contact Owner"
"111","3",26000,1100,"Carpet Area","Jafferkhanpet","Semi-Furnished","Bachelors/Family",2,"Contact Agent"
"112","2",10000,950,"Super Area","Anakaputhur","Semi-Furnished","Bachelors/Family",2,"Contact Owner"
"113","3",15000,1250,"Super Area","Iyyappanthangal","Semi-Furnished","Bachelors/Family",2,"Contact Owner"
"114","1",9000,400,"Super Area","Mylapore","Unfurnished","Bachelors/Family",1,"Contact Owner"
"115","2",9000,575,"Carpet Area","Mappedu, Selaiyur","Semi-Furnished","Bachelors/Family",2,"Contact Owner"
"116","2",15000,1234,"Super Area","Medavakkam","Semi-Furnished","Bachelors/Family",2,"Contact Owner"
"117","2",12000,870,"Carpet Area","Ambattur","Semi-Furnished","Bachelors/Family",2,"Contact Owner"
"118","2",20000,1162,"Super Area","Velachery","Semi-Furnished","Bachelors/Family",2,"Contact Agent"
"119","3",15000,2200,"Super Area","Irumbuliyur","Unfurnished","Bachelors",3,"Contact Owner"
"120","1",8000,500,"Super Area","Sadasiva Nagar Madipakkam","Unfurnished","Bachelors/Family",1,"Contact Owner"
"121","3",13000,900,"Super Area","Perambur","Unfurnished","Bachelors/Family",1,"Contact Owner"
"122","1",6800,600,"Super Area","New Perungalathur","Unfurnished","Bachelors/Family",1,"Contact Owner"
"123","2",9000,600,"Super Area","Ayanavaram","Furnished","Bachelors/Family",1,"Contact Owner"
"124","3",14000,1600,"Carpet Area","Mathur","Furnished","Bachelors/Family",3,"Contact Owner"
"125","4",55000,2400,"Carpet Area","Thiruvanmiyur","Unfurnished","Bachelors/Family",4,"Contact Agent"
"126","3",50000,1600,"Carpet Area","Adyar, Sardar Patel Road","Semi-Furnished","Bachelors",3,"Contact Agent"
"127","1",8000,400,"Carpet Area","Venkateshwara Nagar, Ramapuram, PH Road","Unfurnished","Bachelors/Family",1,"Contact Owner"
"128","2",16000,1000,"Super Area","Kodambakkam","Semi-Furnished","Bachelors/Family",2,"Contact Owner"
"129","2",15000,600,"Carpet Area","villvam towers tnhb colony","Unfurnished","Bachelors",2,"Contact Owner"
"130","2",15000,750,"Carpet Area","YES YES SARAS","Unfurnished","Bachelors",2,"Contact Owner"
"131","2",15000,700,"Super Area","Thirumullaivoyal","Semi-Furnished","Bachelors/Family",2,"Contact Owner"
"132","4",75000,2200,"Super Area","2nd Main Road","Semi-Furnished","Family",5,"Contact Owner"
"133","1",9000,500,"Super Area","KK Nagar","Semi-Furnished","Bachelors/Family",1,"Contact Owner"
"134","1",6500,700,"Super Area","Ayappakkam","Unfurnished","Bachelors/Family",1,"Contact Owner"
"135","3",17000,1480,"Super Area","Perumbakkam","Furnished","Bachelors/Family",2,"Contact Owner"
"136","3",49000,1700,"Carpet Area","Sholinganallur","Furnished","Bachelors",3,"Contact Agent"
"137","2",15000,830,"Super Area","Mangadu","Semi-Furnished","Bachelors/Family",2,"Contact Owner"
"138","3",25000,1425,"Carpet Area","Perungalathur, Chennai Bypass Road","Semi-Furnished","Bachelors/Family",2,"Contact Owner"
"139","3",40000,1550,"Carpet Area","Mandaiveli","Unfurnished","Bachelors",3,"Contact Agent"
"140","1",8000,200,"Super Area","Annanagar East","Semi-Furnished","Bachelors/Family",1,"Contact Owner"
"141","2",17500,1200,"Carpet Area","Anna Nagar West","Semi-Furnished","Bachelors/Family",2,"Contact Owner"
"142","3",11000,800,"Super Area","Medavakkam","Semi-Furnished","Bachelors/Family",2,"Contact Owner"
"143","3",8500,1261,"Carpet Area","Thiruporur","Semi-Furnished","Bachelors/Family",3,"Contact Owner"
"144","2",11000,425,"Carpet Area","Old Washermanpet","Semi-Furnished","Bachelors/Family",2,"Contact Owner"
"145","2",12500,940,"Super Area","Kazhipattur","Unfurnished","Bachelors/Family",2,"Contact Owner"
"146","3",90000,2300,"Carpet Area","Gopalapuram","Semi-Furnished","Bachelors",3,"Contact Agent"
"147","2",14000,700,"Super Area","Thanikachalam Nagar, Ponniammanmedu","Unfurnished","Bachelors/Family",2,"Contact Owner"
"148","3",150000,2400,"Carpet Area","Kapaleeswarar Nagar, Neelankarai, E Coast Road","Furnished","Bachelors/Family",3,"Contact Agent"
"149","2",25000,1145,"Super Area","Navalur","Semi-Furnished","Bachelors",2,"Contact Owner"
"150","2",18000,750,"Super Area","Padur, Old Mahabalipuram Road","Semi-Furnished","Bachelors/Family",2,"Contact Agent"
"151","3",17000,1250,"Super Area","Valasaravakkam, Arcot Road","Semi-Furnished","Bachelors/Family",3,"Contact Owner"
"152","2",8500,900,"Super Area","Anakaputhur","Unfurnished","Bachelors/Family",2,"Contact Owner"
"153","3",15000,800,"Carpet Area","Pudupakkam","Semi-Furnished","Bachelors",2,"Contact Owner"
"154","2",22000,800,"Super Area","Ashok Nagar","Semi-Furnished","Bachelors/Family",2,"Contact Owner"
"155","2",15000,900,"Super Area","Perungalathur, Chennai Bypass Road","Semi-Furnished","Bachelors/Family",2,"Contact Owner"
"156","2",10000,600,"Super Area","Anna Nagar-Pammal","Unfurnished","Bachelors/Family",1,"Contact Owner"
"157","1",5000,250,"Super Area","Aminjikarai, PH Road","Unfurnished","Bachelors/Family",1,"Contact Owner"
"158","2",10000,910,"Super Area","Mannivakkam","Semi-Furnished","Bachelors/Family",2,"Contact Owner"
"159","3",15000,1350,"Super Area","Kovilambakkam","Unfurnished","Bachelors/Family",3,"Contact Owner"
"160","3",34500,450,"Carpet Area","Teynampet","Semi-Furnished","Bachelors",3,"Contact Owner"
"161","1",8000,600,"Super Area","Velachery","Unfurnished","Bachelors/Family",1,"Contact Owner"
"162","3",330000,3600,"Carpet Area","Madras Boat Club Road","Semi-Furnished","Bachelors/Family",3,"Contact Agent"
"163","2",22000,800,"Carpet Area","R.A Puram, Mandaiveli","Unfurnished","Family",2,"Contact Owner"
"164","2",13000,850,"Carpet Area","AGS Colony-Velachery","Unfurnished","Family",2,"Contact Owner"
"165","2",6500,1000,"Super Area","Tiruvallur, Kakkalur, Chennai","Semi-Furnished","Bachelors/Family",2,"Contact Owner"
"166","2",18000,900,"Carpet Area","Velachery","Semi-Furnished","Bachelors",2,"Contact Agent"
"167","3",30000,2400,"Super Area","Uthandi","Furnished","Bachelors/Family",3,"Contact Owner"
"168","1",8500,400,"Carpet Area","Dr Ranga Road","Unfurnished","Bachelors/Family",1,"Contact Owner"
"169","4",20000,1900,"Carpet Area","Old Mahabalipuram Road","Semi-Furnished","Family",4,"Contact Agent"
"170","2",12000,900,"Super Area","Kolathur","Semi-Furnished","Bachelors/Family",2,"Contact Owner"
"171","2",18000,805,"Super Area","Gopalapuram","Semi-Furnished","Bachelors/Family",2,"Contact Owner"
"172","2",19000,1200,"Super Area","Saidapet West, Saidapet","Unfurnished","Bachelors/Family",2,"Contact Owner"
"173","2",12000,800,"Super Area","Manikandan Nagar","Furnished","Bachelors/Family",2,"Contact Owner"
"174","3",16000,1158,"Carpet Area","Urapakkam, Vandalur R.F, GST Road","Semi-Furnished","Bachelors/Family",2,"Contact Owner"
"175","1",5700,400,"Super Area","Redhills","Unfurnished","Bachelors/Family",1,"Contact Owner"
"176","1",15000,450,"Super Area","Mylapore","Unfurnished","Bachelors/Family",1,"Contact Owner"
"177","2",11000,960,"Super Area","Kovilambakkam","Semi-Furnished","Family",2,"Contact Owner"
"178","3",17000,1400,"Super Area","Mambakkam","Semi-Furnished","Bachelors/Family",2,"Contact Owner"
"179","2",18000,970,"Super Area","Thoraipakkam","Furnished","Bachelors/Family",2,"Contact Owner"
"180","2",9500,1000,"Super Area","Old Washermanpet","Unfurnished","Bachelors/Family",2,"Contact Owner"
"181","2",12000,900,"Carpet Area","Adambakkam","Semi-Furnished","Bachelors/Family",2,"Contact Owner"
"182","2",8000,800,"Super Area","Urapakkam, Vandalur R.F, GST Road","Semi-Furnished","Bachelors/Family",2,"Contact Owner"
"183","2",12000,1100,"Carpet Area","New Perungalathur","Semi-Furnished","Family",1,"Contact Owner"
"184","2",16000,800,"Super Area","Thiruvanmiyur","Unfurnished","Bachelors/Family",2,"Contact Owner"
"185","2",8000,800,"Super Area","Poonamalle","Unfurnished","Bachelors/Family",1,"Contact Owner"
"186","2",10000,898,"Super Area","Kalavakkam","Semi-Furnished","Family",2,"Contact Owner"
"187","2",15000,800,"Carpet Area","Vadapalani","Semi-Furnished","Bachelors/Family",2,"Contact Owner"
"188","2",7500,600,"Super Area","Vandalur","Unfurnished","Bachelors/Family",1,"Contact Owner"
"189","3",30000,2000,"Carpet Area","rgl bungalows","Furnished","Bachelors/Family",3,"Contact Owner"
"190","2",16000,870,"Super Area","Chennai","Unfurnished","Bachelors/Family",2,"Contact Owner"
"191","2",14000,1100,"Carpet Area","Old Mahabalipuram Road","Semi-Furnished","Family",2,"Contact Agent"
"192","2",10000,650,"Carpet Area","Near Jeyachandran textiles","Unfurnished","Bachelors/Family",2,"Contact Owner"
"193","3",25000,1100,"Carpet Area","Korattur, Jawaharlal Nehru Road","Unfurnished","Bachelors",2,"Contact Agent"
"194","2",11500,1250,"Carpet Area","S.Kolathur","Semi-Furnished","Bachelors/Family",2,"Contact Owner"
"195","2",11000,1145,"Super Area","Ambattur","Unfurnished","Bachelors/Family",2,"Contact Owner"
"196","2",10000,780,"Super Area","Madipakkam","Semi-Furnished","Bachelors/Family",2,"Contact Owner"
"197","1",7000,680,"Super Area","Kelambakkam, Old Mahabalipuram Road","Unfurnished","Bachelors/Family",1,"Contact Owner"
"198","2",18000,860,"Super Area","Ashok Nagar","Semi-Furnished","Bachelors/Family",2,"Contact Owner"
"199","1",7500,600,"Super Area","Perungalathur, Chennai Bypass Road","Unfurnished","Bachelors/Family",1,"Contact Owner"
"200","2",7500,750,"Carpet Area","Oragadam","Semi-Furnished","Bachelors/Family",1,"Contact Owner"
"201","2",12000,800,"Super Area","Chitlapakkam","Unfurnished","Bachelors/Family",2,"Contact Owner"
"202","2",12000,570,"Carpet Area","Perungalathur, Chennai Bypass Road","Unfurnished","Bachelors/Family",2,"Contact Owner"
"203","2",40000,1150,"Super Area","Raja Annamalai Puram","Furnished","Bachelors/Family",2,"Contact Owner"
"204","1",5000,350,"Super Area","Kolathur","Unfurnished","Bachelors/Family",1,"Contact Owner"
"205","2",20000,894,"Super Area","Tiruvenkadam Nagar","Semi-Furnished","Bachelors/Family",2,"Contact Owner"
"206","1",6500,600,"Super Area","Perambur","Semi-Furnished","Bachelors/Family",1,"Contact Owner"
"207","3",12000,900,"Super Area","Anakaputhur","Semi-Furnished","Bachelors/Family",2,"Contact Owner"
"208","1",12000,550,"Super Area","Purasawalkam, PH Road","Unfurnished","Bachelors/Family",1,"Contact Owner"
"209","2",14000,717,"Super Area","Sholinganallur","Semi-Furnished","Bachelors/Family",2,"Contact Owner"
"210","2",13000,660,"Carpet Area","Virugambakkam","Semi-Furnished","Family",2,"Contact Agent"
"211","1",9000,700,"Carpet Area","Sivalingapuram","Semi-Furnished","Family",1,"Contact Owner"
"212","1",10000,800,"Super Area","Navalur","Semi-Furnished","Bachelors/Family",1,"Contact Owner"
"213","3",15000,1070,"Super Area","Medavakkam","Unfurnished","Family",2,"Contact Owner"
"214","2",15000,1000,"Super Area","Anna Nagar West Extension","Semi-Furnished","Family",2,"Contact Owner"
"215","2",19000,1500,"Super Area","Porur","Semi-Furnished","Bachelors/Family",2,"Contact Owner"
"216","2",15000,900,"Super Area","Velachery","Unfurnished","Bachelors/Family",2,"Contact Owner"
"217","2",16000,1700,"Super Area","Pallikaranai","Unfurnished","Bachelors/Family",2,"Contact Owner"
"218","2",12000,900,"Super Area","Perungalathur, Chennai Bypass Road","Semi-Furnished","Bachelors/Family",2,"Contact Owner"
"219","2",11000,805,"Super Area","Madhavaram, Guntur Chennai Highway","Unfurnished","Bachelors/Family",2,"Contact Owner"
"220","2",8000,750,"Super Area","Kovur","Unfurnished","Bachelors/Family",2,"Contact Owner"
"221","2",10000,1000,"Super Area","Singaperumal Koil, Tiruchi Chennai Highway","Furnished","Bachelors/Family",2,"Contact Owner"
"222","3",70000,1500,"Carpet Area","T Nagar","Furnished","Bachelors/Family",3,"Contact Owner"
"223","3",45000,3200,"Super Area","Panaiyur, E Coast Road","Unfurnished","Bachelors/Family",3,"Contact Owner"
"224","3",60000,1700,"Carpet Area","Vadapalani","Semi-Furnished","Bachelors/Family",3,"Contact Agent"
"225","2",12000,1000,"Super Area","Maduravoyal","Semi-Furnished","Bachelors/Family",2,"Contact Owner"
"226","3",80000,2036,"Super Area","Mandaiveli","Semi-Furnished","Bachelors",3,"Contact Agent"
"227","2",23999,610,"Carpet Area","Kannan Colony, Pazhavanthangal","Furnished","Bachelors/Family",1,"Contact Agent"
"228","2",23000,1100,"Super Area","Thoraipakkam","Furnished","Bachelors/Family",2,"Contact Owner"
"229","2",16000,900,"Carpet Area","Thirumangalam-Anna Nagar West","Semi-Furnished","Bachelors",2,"Contact Owner"
"230","2",14000,840,"Super Area","Krishna Nagar-Chromepet, Chromepet","Semi-Furnished","Bachelors/Family",2,"Contact Owner"
"231","3",13000,965,"Super Area","Mangadu","Semi-Furnished","Bachelors/Family",2,"Contact Owner"
"232","2",14000,800,"Super Area","Tiruvottiyur","Unfurnished","Bachelors/Family",2,"Contact Owner"
"233","1",7000,700,"Super Area","Ponneri","Unfurnished","Bachelors/Family",2,"Contact Owner"
"234","1",3500,600,"Super Area","Kundrathur, Pallavaram Kundrathur Main Road","Unfurnished","Bachelors",1,"Contact Owner"
"235","1",12000,650,"Carpet Area","355 konnur highroad Ayanavaram","Semi-Furnished","Family",2,"Contact Owner"
"236","1",8000,320,"Super Area","Kolathur","Unfurnished","Bachelors/Family",1,"Contact Owner"
"237","2",25000,700,"Super Area","Aminjikarai, PH Road","Semi-Furnished","Bachelors/Family",1,"Contact Owner"
"238","2",12000,850,"Super Area","Velachery","Unfurnished","Bachelors/Family",2,"Contact Owner"
"239","1",7000,550,"Super Area","Valasaravakkam, Arcot Road","Unfurnished","Bachelors/Family",1,"Contact Owner"
"240","3",20000,1400,"Carpet Area","Padur, Old Mahabalipuram Road","Semi-Furnished","Family",3,"Contact Owner"
"241","2",18000,1300,"Super Area","Velachery","Unfurnished","Bachelors/Family",2,"Contact Owner"
"242","2",15000,1125,"Super Area","Thalambur","Semi-Furnished","Bachelors/Family",2,"Contact Owner"
"243","2",11000,780,"Carpet Area","Mugalivakkam","Semi-Furnished","Family",2,"Contact Owner"
"244","3",65000,2200,"Carpet Area","Alwarpet","Unfurnished","Bachelors",3,"Contact Agent"
"245","3",75000,2500,"Carpet Area","Mandaiveli","Unfurnished","Bachelors/Family",3,"Contact Agent"
"246","1",15000,1300,"Super Area","Anna Nagar","Furnished","Bachelors",2,"Contact Owner"
"247","2",12000,619,"Carpet Area","Chromepet, GST Road","Furnished","Bachelors/Family",1,"Contact Owner"
"248","2",8500,700,"Carpet Area","Ambattur","Semi-Furnished","Bachelors/Family",1,"Contact Owner"
"249","3",38000,2100,"Super Area","Ashok Nagar","Semi-Furnished","Bachelors/Family",3,"Contact Owner"
"250","3",30000,2000,"Super Area","Ashok Nagar","Unfurnished","Bachelors/Family",3,"Contact Owner"
"251","1",9000,700,"Super Area","venkatesa perumal nagar","Semi-Furnished","Bachelors/Family",1,"Contact Owner"
"252","3",25000,2000,"Super Area","Kattupakkam, PH Road","Semi-Furnished","Bachelors/Family",3,"Contact Owner"
"253","2",9000,600,"Carpet Area","Valasaravakkam, Arcot Road","Unfurnished","Bachelors/Family",2,"Contact Owner"
"254","1",8500,550,"Carpet Area","Arunachalam Nagar, Madipakkam","Unfurnished","Bachelors",2,"Contact Owner"
"255","1",7000,300,"Super Area","Pazhavanthangal, Jawaharlal Nehru Road","Unfurnished","Bachelors/Family",1,"Contact Owner"
"256","2",25000,800,"Carpet Area","Anna Nagar","Semi-Furnished","Bachelors",2,"Contact Agent"
"257","2",8500,850,"Super Area","Mathur","Unfurnished","Bachelors/Family",2,"Contact Owner"
"258","1",6500,450,"Carpet Area","Mahindra World City","Semi-Furnished","Bachelors/Family",1,"Contact Owner"
"259","1",7000,500,"Super Area","Ambattur","Unfurnished","Bachelors/Family",1,"Contact Owner"
"260","1",4500,115,"Super Area","Choolaimedu","Unfurnished","Bachelors",1,"Contact Owner"
"261","2",22000,800,"Carpet Area","R.A Puram, Mandaiveli","Unfurnished","Bachelors/Family",2,"Contact Owner"
"262","2",10000,600,"Super Area","Ambattur","Semi-Furnished","Family",1,"Contact Owner"
"263","2",16000,800,"Super Area","Harrington Road","Unfurnished","Bachelors/Family",2,"Contact Owner"
"264","3",85000,1725,"Super Area","MRC Nagar","Furnished","Bachelors/Family",2,"Contact Agent"
"265","2",15000,1330,"Carpet Area","Madipakkam","Furnished","Bachelors/Family",2,"Contact Owner"
"266","3",25000,2064,"Super Area","Old Mahabalipuram Road","Semi-Furnished","Family",4,"Contact Owner"
"267","1",9000,700,"Super Area","Kamakoti Nagar, Pallikaranai","Semi-Furnished","Bachelors/Family",1,"Contact Owner"
"268","2",20000,900,"Super Area","Korattur, Jawaharlal Nehru Road","Semi-Furnished","Bachelors/Family",2,"Contact Owner"
"269","2",15000,1066,"Super Area","Veerapuram","Unfurnished","Family",2,"Contact Owner"
"270","2",9000,700,"Carpet Area","Tambaram West, Tambaram, Chennai Bypass Road","Semi-Furnished","Bachelors",2,"Contact Owner"
"271","2",14000,900,"Super Area","Ram Nagar South Extension, Madipakkam","Furnished","Bachelors/Family",2,"Contact Owner"
"272","2",15000,700,"Super Area","Choolaimedu","Semi-Furnished","Bachelors/Family",2,"Contact Owner"
"273","3",14000,950,"Carpet Area","Chromepet, GST Road","Semi-Furnished","Bachelors/Family",2,"Contact Owner"
"274","2",8000,850,"Super Area","Chitlapakkam","Unfurnished","Bachelors/Family",2,"Contact Owner"
"275","2",13500,600,"Carpet Area","Mahindra World City","Furnished","Bachelors/Family",2,"Contact Agent"
"276","2",12000,750,"Super Area","Medavakkam","Semi-Furnished","Bachelors",2,"Contact Owner"
"277","2",7500,850,"Super Area","Anakaputhur","Unfurnished","Bachelors/Family",2,"Contact Owner"
"278","3",20000,1650,"Carpet Area","Madipakkam","Semi-Furnished","Bachelors",3,"Contact Owner"
"279","2",11000,960,"Super Area","Medavakkam","Unfurnished","Family",2,"Contact Owner"
"280","2",11000,1200,"Carpet Area","Tambaram West, Tambaram, Chennai Bypass Road","Unfurnished","Bachelors",2,"Contact Owner"
"281","2",17500,650,"Carpet Area","Thiruvanmiyur","Furnished","Bachelors/Family",2,"Contact Owner"
"282","2",8000,800,"Carpet Area","Kamakshiamman Nagar Layout, Iyyappanthangal","Unfurnished","Bachelors/Family",2,"Contact Owner"
"283","3",25000,1350,"Super Area","C.R.R. Puram L&T Colony","Semi-Furnished","Bachelors/Family",3,"Contact Owner"
"284","2",12000,560,"Carpet Area","Tambaram East","Semi-Furnished","Family",2,"Contact Owner"
"285","1",5250,250,"Super Area","Madipakkam","Unfurnished","Bachelors/Family",1,"Contact Owner"
"286","2",25000,685,"Super Area","Alwarpet","Unfurnished","Bachelors",2,"Contact Owner"
"287","2",14000,1021,"Super Area","Sithalapakkam","Semi-Furnished","Bachelors/Family",2,"Contact Owner"
"288","3",24000,1200,"Carpet Area","Kellys","Unfurnished","Bachelors/Family",3,"Contact Owner"
"289","3",35000,1557,"Super Area","Manapakkam","Semi-Furnished","Bachelors/Family",3,"Contact Owner"
"290","2",8000,550,"Super Area","Pallikaranai","Unfurnished","Bachelors/Family",1,"Contact Agent"
"291","2",16000,800,"Super Area","Adambakkam","Semi-Furnished","Bachelors/Family",2,"Contact Owner"
"292","3",28000,917,"Carpet Area","Sholinganallur","Semi-Furnished","Family",2,"Contact Owner"
"293","2",16000,960,"Super Area","Porur","Semi-Furnished","Bachelors/Family",2,"Contact Owner"
"294","2",13000,1000,"Super Area","Medavakkam","Unfurnished","Bachelors/Family",2,"Contact Owner"
"295","2",35000,1000,"Super Area","Adyar, Sardar Patel Road","Furnished","Bachelors",2,"Contact Agent"
"296","1",11000,579,"Super Area","New Kumaran Nagar","Semi-Furnished","Bachelors/Family",1,"Contact Owner"
"297","1",5000,800,"Carpet Area","N G O nagar extn ponneri","Unfurnished","Bachelors/Family",1,"Contact Owner"
"298","2",23000,1100,"Carpet Area","Gopalapuram","Unfurnished","Bachelors",2,"Contact Agent"
"299","2",11000,635,"Carpet Area","Mannivakkam","Semi-Furnished","Bachelors",2,"Contact Owner"
"300","3",25000,1700,"Carpet Area","Padur, Old Mahabalipuram Road","Semi-Furnished","Bachelors/Family",3,"Contact Owner"
"301","1",4500,600,"Super Area","Kolathur","Unfurnished","Bachelors/Family",1,"Contact Owner"
"302","4",100000,2500,"Carpet Area","Sholinganallur","Unfurnished","Bachelors/Family",4,"Contact Agent"
"303","3",47500,1920,"Super Area","Thoraipakkam","Semi-Furnished","Family",3,"Contact Agent"
"304","2",7500,850,"Super Area","Kolapakkam - Vandalur-Kelambakkam Road","Semi-Furnished","Bachelors",2,"Contact Owner"
"305","3",16500,1850,"Super Area","Nemilichery, Chromepet","Unfurnished","Bachelors",3,"Contact Owner"
"306","2",18000,1375,"Carpet Area","Central Bank Colony, Chromepet","Furnished","Family",1,"Contact Owner"
"307","2",7000,700,"Super Area","Tambaram East","Unfurnished","Bachelors/Family",2,"Contact Owner"
"308","1",8000,700,"Super Area","Velachery","Unfurnished","Bachelors/Family",2,"Contact Owner"
"309","1",10000,675,"Super Area","Perambur","Unfurnished","Bachelors/Family",1,"Contact Owner"
"310","3",7000,900,"Super Area","Ayappakkam","Unfurnished","Bachelors/Family",2,"Contact Owner"
"311","2",35000,1020,"Carpet Area","Gowrivakkam, Sembakkam","Furnished","Bachelors/Family",2,"Contact Owner"
"312","4",100000,3000,"Carpet Area","Palavakkam, E Coast Road","Unfurnished","Bachelors",4,"Contact Agent"
"313","2",13000,800,"Carpet Area","Porur","Semi-Furnished","Bachelors",1,"Contact Owner"
"314","2",10000,600,"Super Area","Pammal","Unfurnished","Bachelors/Family",1,"Contact Owner"
"315","2",14000,890,"Super Area","Valasaravakkam, Arcot Road","Unfurnished","Family",2,"Contact Owner"
"316","3",46000,1700,"Super Area","Thoraipakkam","Semi-Furnished","Bachelors/Family",3,"Contact Agent"
"317","4",65000,2000,"Carpet Area","Adyar, Sardar Patel Road","Semi-Furnished","Bachelors",3,"Contact Agent"
"318","2",9000,800,"Carpet Area","Medavakkam","Semi-Furnished","Bachelors/Family",2,"Contact Owner"
"319","3",13500,1002,"Super Area","Mangadu","Furnished","Bachelors/Family",2,"Contact Owner"
"320","3",29000,1225,"Carpet Area","Koyambedu","Semi-Furnished","Bachelors/Family",3,"Contact Agent"
"321","2",23999,610,"Carpet Area","Kannan Colony, Pazhavanthangal","Furnished","Bachelors/Family",1,"Contact Agent"
"322","3",26000,1200,"Super Area","Thiruvanmiyur","Semi-Furnished","Family",3,"Contact Owner"
"323","2",8200,850,"Super Area","Anakaputhur","Unfurnished","Bachelors/Family",2,"Contact Owner"
"324","1",15000,500,"Super Area","Royapettah","Semi-Furnished","Family",1,"Contact Owner"
"325","2",10000,778,"Super Area","Sholinganallur","Unfurnished","Bachelors/Family",2,"Contact Owner"
"326","2",20000,850,"Carpet Area","Oragadam","Unfurnished","Bachelors",2,"Contact Owner"
"327","2",15000,800,"Carpet Area","Adambakkam","Unfurnished","Bachelors/Family",2,"Contact Owner"
"328","2",14000,1200,"Super Area","Valasaravakkam, Arcot Road","Semi-Furnished","Bachelors/Family",2,"Contact Owner"
"329","2",11000,750,"Super Area","Vivekanathanagar kolathur","Unfurnished","Bachelors/Family",2,"Contact Owner"
"330","1",6500,550,"Super Area","Jawahar Nagar","Unfurnished","Bachelors/Family",1,"Contact Owner"
"331","3",26000,1567,"Carpet Area","Old Mahabalipuram Road","Furnished","Bachelors/Family",3,"Contact Owner"
"332","1",7500,650,"Super Area","Nemilichery, Chromepet","Semi-Furnished","Bachelors/Family",1,"Contact Owner"
"333","2",14500,1150,"Carpet Area","Zamin Pallavaram, Pallavaram","Unfurnished","Bachelors",2,"Contact Owner"
"334","6",280000,4500,"Carpet Area","Raja Annamalai Puram","Semi-Furnished","Bachelors",5,"Contact Agent"
"335","2",12000,900,"Super Area","Shenoy Nagar, PH Road","Unfurnished","Bachelors/Family",2,"Contact Owner"
"336","3",45000,1450,"Carpet Area","Mylapore","Unfurnished","Bachelors",2,"Contact Agent"
"337","2",22000,850,"Super Area","Virugambakkam","Semi-Furnished","Bachelors/Family",2,"Contact Owner"
"338","1",7000,550,"Super Area","Sembakkam","Unfurnished","Bachelors/Family",1,"Contact Owner"
"339","1",7000,600,"Carpet Area","Ganapathipuram, Chromepet","Unfurnished","Bachelors/Family",1,"Contact Owner"
"340","2",45000,1200,"Super Area","Chetpet, PH Road","Furnished","Bachelors/Family",2,"Contact Owner"
"341","4",20000,1450,"Super Area","Tiruvottiyur","Semi-Furnished","Bachelors/Family",4,"Contact Owner"
"342","2",14000,560,"Carpet Area","Medavakkam","Semi-Furnished","Family",2,"Contact Owner"
"343","2",18000,1113,"Super Area","Ayappakkam","Semi-Furnished","Family",2,"Contact Owner"
"344","3",20000,1600,"Super Area","Chromepet, GST Road","Semi-Furnished","Bachelors/Family",4,"Contact Owner"
"345","1",10000,550,"Carpet Area","Arumbakkam","Unfurnished","Bachelors/Family",1,"Contact Owner"
"346","2",25000,1200,"Carpet Area","Kasi Estate","Unfurnished","Bachelors/Family",2,"Contact Agent"
"347","2",18000,900,"Super Area","Elango Nagar-Virugambakkam","Semi-Furnished","Family",2,"Contact Owner"
"348","1",5000,800,"Super Area","Tondiarpet, Ennore High Road","Unfurnished","Family",1,"Contact Owner"
"349","2",12000,1200,"Super Area","Perungalathur, Chennai Bypass Road","Semi-Furnished","Bachelors/Family",2,"Contact Owner"
"350","2",13000,1000,"Super Area","Kodungaiyur West","Semi-Furnished","Bachelors/Family",2,"Contact Owner"
"351","2",30000,1100,"Super Area","Nandanam Extension","Semi-Furnished","Bachelors/Family",2,"Contact Owner"
"352","2",9000,700,"Super Area","Mugalivakkam","Furnished","Bachelors/Family",1,"Contact Owner"
"353","1",12000,650,"Super Area","Triplicane","Unfurnished","Bachelors/Family",1,"Contact Owner"
"354","3",30000,1500,"Carpet Area","Korattur, Jawaharlal Nehru Road","Semi-Furnished","Family",2,"Contact Owner"
"355","3",20000,1175,"Carpet Area","Lanchor Abode valley","Furnished","Bachelors",2,"Contact Owner"
"356","2",12000,750,"Super Area","Nesapakkam","Unfurnished","Bachelors/Family",2,"Contact Owner"
"357","2",9500,1010,"Super Area","Urapakkam, Vandalur R.F, GST Road","Semi-Furnished","Bachelors/Family",2,"Contact Owner"
"358","2",22000,1050,"Super Area","Baby Nagar Extention, Velachery","Semi-Furnished","Family",2,"Contact Agent"
"359","3",23000,1060,"Carpet Area","Mogappair East","Unfurnished","Bachelors",2,"Contact Owner"
"360","2",9500,900,"Super Area","Ambattur","Unfurnished","Bachelors/Family",2,"Contact Owner"
"361","2",13500,1000,"Super Area","Padur, Old Mahabalipuram Road","Semi-Furnished","Family",2,"Contact Owner"
"362","1",12000,450,"Super Area","Mambalam West","Unfurnished","Bachelors/Family",1,"Contact Owner"
"363","3",33000,1600,"Carpet Area","Iyyappanthangal","Semi-Furnished","Bachelors/Family",3,"Contact Agent"
"364","3",33000,1760,"Super Area","Iyyappanthangal","Semi-Furnished","Bachelors/Family",3,"Contact Owner"
"365","2",18999,618,"Carpet Area","Porur","Semi-Furnished","Bachelors/Family",2,"Contact Agent"
"366","3",18000,1220,"Super Area","Pammal","Semi-Furnished","Bachelors/Family",2,"Contact Owner"
"367","1",8500,580,"Super Area","Pallavaram","Unfurnished","Bachelors/Family",1,"Contact Owner"
"368","3",20000,1651,"Super Area","Perumbakkam","Semi-Furnished","Family",3,"Contact Owner"
"369","2",9000,705,"Carpet Area","Urapakkam, Vandalur R.F, GST Road","Semi-Furnished","Bachelors/Family",2,"Contact Owner"
"370","1",7000,700,"Super Area","Thiruverkkadu","Unfurnished","Bachelors/Family",1,"Contact Owner"
"371","3",53000,1700,"Carpet Area","Iyyappanthangal","Furnished","Bachelors/Family",3,"Contact Agent"
"372","2",14000,901,"Super Area","Mugalivakkam","Unfurnished","Bachelors/Family",2,"Contact Owner"
"373","2",21000,1100,"Super Area","Navalur","Furnished","Bachelors/Family",2,"Contact Owner"
"374","3",16000,1120,"Super Area","Selaiyur","Semi-Furnished","Bachelors/Family",2,"Contact Owner"
"375","2",26000,1300,"Carpet Area","Chetpet, PH Road","Semi-Furnished","Bachelors",2,"Contact Agent"
"376","3",20000,1350,"Super Area","Thalambur","Furnished","Bachelors",3,"Contact Owner"
"377","2",25000,1340,"Super Area","Iyyappanthangal","Semi-Furnished","Family",2,"Contact Owner"
"378","1",10000,250,"Super Area","Neelankarai, E Coast Road","Unfurnished","Bachelors/Family",1,"Contact Owner"
"379","2",11500,700,"Carpet Area","Madipakkam","Semi-Furnished","Bachelors/Family",2,"Contact Owner"
"380","2",15000,650,"Carpet Area","Old Washermanpet","Unfurnished","Bachelors",2,"Contact Owner"
"381","1",4200,490,"Super Area","Villivakkam, Jawaharlal Nehru Road","Semi-Furnished","Bachelors/Family",1,"Contact Owner"
"382","2",9500,700,"Carpet Area","Kelambakkam, Old Mahabalipuram Road","Unfurnished","Bachelors/Family",1,"Contact Owner"
"383","1",8000,580,"Super Area","Selaiyur","Unfurnished","Bachelors/Family",2,"Contact Owner"
"384","2",16000,1400,"Carpet Area","Madipakkam","Semi-Furnished","Bachelors",3,"Contact Owner"
"385","2",12000,850,"Carpet Area","Prashant Collony Extension","Semi-Furnished","Bachelors/Family",2,"Contact Owner"
"386","2",12000,850,"Carpet Area","Sembakkam","Semi-Furnished","Bachelors/Family",2,"Contact Owner"
"387","2",12000,900,"Super Area","Kolathur","Unfurnished","Bachelors/Family",2,"Contact Owner"
"388","2",13000,780,"Super Area","Madipakkam","Furnished","Bachelors/Family",2,"Contact Owner"
"389","3",15723,1246,"Super Area","Kelambakkam, Old Mahabalipuram Road","Semi-Furnished","Bachelors/Family",2,"Contact Owner"
"390","1",6000,300,"Super Area","Arumbakkam","Semi-Furnished","Bachelors/Family",1,"Contact Owner"
"391","2",10000,900,"Super Area","Pammal","Unfurnished","Bachelors/Family",2,"Contact Owner"
"392","1",3000,350,"Super Area","Mangadu","Unfurnished","Bachelors/Family",1,"Contact Owner"
"393","2",7500,900,"Super Area","Pammal","Unfurnished","Bachelors/Family",2,"Contact Owner"
"394","2",18000,1099,"Super Area","Valasaravakkam, Arcot Road","Semi-Furnished","Family",2,"Contact Owner"
"395","3",16500,1530,"Carpet Area","Padur, Old Mahabalipuram Road","Semi-Furnished","Bachelors/Family",3,"Contact Owner"
"396","3",35000,2000,"Super Area","Iyyappanthangal","Semi-Furnished","Bachelors/Family",3,"Contact Owner"
"397","3",15000,1095,"Super Area","Madambakkam","Furnished","Bachelors/Family",2,"Contact Owner"
"398","2",7000,780,"Carpet Area","Kalavakkam","Unfurnished","Family",2,"Contact Owner"
"399","3",38000,1300,"Carpet Area","Chromepet, GST Road","Unfurnished","Bachelors/Family",3,"Contact Agent"
"400","2",20000,900,"Super Area","Annanagar East","Semi-Furnished","Bachelors/Family",2,"Contact Owner"
"401","1",7500,450,"Super Area","Mugalivakkam","Unfurnished","Bachelors/Family",1,"Contact Owner"
"402","2",12500,400,"Super Area","Karanai","Unfurnished","Bachelors/Family",2,"Contact Owner"
"403","3",16000,900,"Super Area","Chennai","Semi-Furnished","Bachelors/Family",2,"Contact Owner"
"404","2",16000,935,"Carpet Area","Porur","Unfurnished","Bachelors",2,"Contact Owner"
"405","1",8500,450,"Super Area","Thoraipakkam","Unfurnished","Bachelors/Family",1,"Contact Owner"
"406","2",30000,1020,"Carpet Area","Chromepet, GST Road","Furnished","Bachelors/Family",2,"Contact Agent"
"407","3",16000,1280,"Super Area","Kodungaiyur East","Semi-Furnished","Bachelors/Family",2,"Contact Owner"
"408","1",5700,450,"Carpet Area","Anakaputhur","Semi-Furnished","Family",1,"Contact Owner"
"409","2",18000,1120,"Super Area","Porur","Semi-Furnished","Bachelors/Family",2,"Contact Owner"
"410","2",15000,1000,"Super Area","Varadharajapuram","Semi-Furnished","Bachelors/Family",2,"Contact Owner"
"411","2",7500,1000,"Super Area","Guduvancheri","Semi-Furnished","Bachelors/Family",2,"Contact Owner"
"412","2",9000,750,"Super Area","Korattur, Jawaharlal Nehru Road","Unfurnished","Bachelors/Family",2,"Contact Owner"
"413","2",13000,1000,"Super Area","Chetpet, PH Road","Semi-Furnished","Bachelors/Family",2,"Contact Owner"
"414","3",25000,1100,"Super Area","Triplicane","Unfurnished","Bachelors/Family",2,"Contact Owner"
"415","3",130000,3000,"Super Area","Thiruvanmiyur","Furnished","Bachelors/Family",3,"Contact Agent"
"416","2",13000,650,"Super Area","Kattupakkam, PH Road","Semi-Furnished","Bachelors/Family",2,"Contact Owner"
"417","3",20000,1500,"Carpet Area","Tambaram East","Semi-Furnished","Bachelors/Family",3,"Contact Owner"
"418","1",18000,500,"Super Area","George Town, PH Road","Unfurnished","Bachelors/Family",1,"Contact Owner"
"419","2",8000,700,"Super Area","Avadi","Unfurnished","Bachelors/Family",1,"Contact Owner"
"420","1",16000,450,"Super Area","Korattur, Jawaharlal Nehru Road","Furnished","Bachelors/Family",1,"Contact Owner"
"421","2",18000,700,"Carpet Area","Choolaimedu","Unfurnished","Bachelors",2,"Contact Agent"
"422","2",19000,1250,"Super Area","Okkiyam Thuraipakkam, E Coast Road","Semi-Furnished","Family",2,"Contact Owner"
"423","2",7500,700,"Super Area","Madambakkam","Unfurnished","Bachelors/Family",2,"Contact Owner"
"424","2",15000,650,"Super Area","Ponniammanmedu","Semi-Furnished","Bachelors/Family",2,"Contact Owner"
"425","2",19000,850,"Super Area","Choolaimedu","Semi-Furnished","Bachelors/Family",2,"Contact Owner"
"426","2",10000,750,"Carpet Area","Medavakkam","Unfurnished","Bachelors",2,"Contact Owner"
"427","3",45000,1780,"Super Area","Kamaraj Nagar-Thiruvanmiyur, E Coast Road","Semi-Furnished","Bachelors/Family",3,"Contact Owner"
"428","2",20000,980,"Super Area","Perumbakkam","Unfurnished","Bachelors/Family",2,"Contact Owner"
"429","2",7500,700,"Super Area","Alapakkam, Porur","Unfurnished","Bachelors/Family",2,"Contact Owner"
"430","2",14000,600,"Carpet Area","Mahindra World City","Semi-Furnished","Bachelors/Family",2,"Contact Agent"
"431","2",5000,800,"Super Area","Ayappakkam","Unfurnished","Bachelors/Family",2,"Contact Owner"
"432","2",20000,1500,"Super Area","Iyyappanthangal","Semi-Furnished","Bachelors/Family",2,"Contact Owner"
"433","3",15000,1402,"Carpet Area","Polacheri","Semi-Furnished","Bachelors/Family",3,"Contact Owner"
"434","3",75000,1500,"Carpet Area","T Nagar","Semi-Furnished","Bachelors/Family",3,"Contact Agent"
"435","3",30000,1300,"Super Area","Navalur","Furnished","Bachelors/Family",3,"Contact Owner"
"436","3",30000,1484,"Carpet Area","Porur","Semi-Furnished","Bachelors/Family",3,"Contact Agent"
"437","1",12500,630,"Carpet Area","VGP Seethapathy Nagar, Velachery","Semi-Furnished","Bachelors",1,"Contact Owner"
"438","2",24000,1150,"Carpet Area","Chromepet, GST Road","Semi-Furnished","Bachelors/Family",2,"Contact Agent"
"439","2",10000,800,"Carpet Area","Tambaram East","Unfurnished","Family",2,"Contact Owner"
"440","2",12000,600,"Carpet Area","Saidapet","Semi-Furnished","Bachelors",2,"Contact Owner"
"441","3",45000,2200,"Super Area","KK Nagar","Unfurnished","Bachelors/Family",3,"Contact Agent"
"442","2",10500,950,"Super Area","Madambakkam","Semi-Furnished","Bachelors/Family",2,"Contact Owner"
"443","2",6250,700,"Super Area","Pattabiram","Unfurnished","Bachelors/Family",2,"Contact Owner"
"444","1",6000,450,"Super Area","Sholinganallur","Semi-Furnished","Bachelors/Family",1,"Contact Owner"
"445","1",7500,150,"Carpet Area","Choolaimedu","Unfurnished","Bachelors",1,"Contact Owner"
"446","1",6300,360,"Super Area","Erukkancheri, Kodungaiyur West","Unfurnished","Bachelors/Family",1,"Contact Owner"
"447","1",7000,750,"Super Area","Mangadu","Semi-Furnished","Bachelors/Family",1,"Contact Owner"
"448","2",14000,1065,"Super Area","Madipakkam","Semi-Furnished","Family",2,"Contact Owner"
"449","2",10000,650,"Super Area","Tiruvottiyur","Unfurnished","Bachelors/Family",2,"Contact Owner"
"450","2",30000,1140,"Carpet Area","Iyyappanthangal","Semi-Furnished","Bachelors/Family",2,"Contact Agent"
"451","3",16000,1525,"Carpet Area","Thalambur","Semi-Furnished","Family",3,"Contact Owner"
"452","3",22000,1450,"Carpet Area","Old Mahabalipuram Road","Furnished","Bachelors/Family",3,"Contact Owner"
"453","2",14000,1200,"Carpet Area","Siruseri","Semi-Furnished","Bachelors",2,"Contact Owner"
"454","2",18000,1100,"Super Area","Purasawalkam, PH Road","Semi-Furnished","Bachelors/Family",2,"Contact Owner"
"455","2",10500,700,"Super Area","Ponniammanmedu","Semi-Furnished","Family",2,"Contact Owner"
"456","1",6000,600,"Carpet Area","RE Nagar, Porur","Unfurnished","Family",1,"Contact Owner"
"457","3",20000,1200,"Carpet Area","Indira Colony","Unfurnished","Bachelors/Family",2,"Contact Owner"
"458","3",90000,2100,"Carpet Area","Alwarpet","Unfurnished","Bachelors",3,"Contact Agent"
"459","2",13500,950,"Super Area","Potheri, Kattankulathur","Semi-Furnished","Bachelors/Family",2,"Contact Owner"
"460","1",7000,800,"Carpet Area","Jalladian Pet","Semi-Furnished","Bachelors/Family",1,"Contact Owner"
"461","2",12500,900,"Carpet Area","Ambattur","Unfurnished","Bachelors",2,"Contact Owner"
"462","2",15000,805,"Super Area","Kodambakkam","Semi-Furnished","Bachelors/Family",2,"Contact Owner"
"463","2",14000,800,"Carpet Area","Vetri Nagar, Perambur","Unfurnished","Bachelors",2,"Contact Owner"
"464","2",28000,2300,"Carpet Area","Velachery","Furnished","Bachelors",2,"Contact Owner"
"465","2",9500,1200,"Super Area","Moulivakkam, Moulivakkam","Semi-Furnished","Bachelors/Family",2,"Contact Owner"
"466","3",16000,1200,"Carpet Area","Ayyappa Nagar, Pallavaram","Semi-Furnished","Bachelors/Family",2,"Contact Owner"
"467","4",120000,4000,"Super Area","Perungudi","Semi-Furnished","Bachelors",4,"Contact Agent"
"468","3",20000,1500,"Carpet Area","Oragadam","Unfurnished","Bachelors/Family",2,"Contact Owner"
"469","1",21000,500,"Carpet Area","Pallavaram","Furnished","Bachelors/Family",1,"Contact Agent"
"470","2",22000,1050,"Super Area","Velachery","Semi-Furnished","Bachelors/Family",2,"Contact Owner"
"471","4",120000,2550,"Carpet Area","Adyar, Sardar Patel Road","Semi-Furnished","Bachelors",4,"Contact Agent"
"472","2",15000,650,"Carpet Area","Kilpauk","Unfurnished","Bachelors",2,"Contact Owner"
"473","1",5000,800,"Carpet Area","Kovur","Unfurnished","Bachelors/Family",1,"Contact Owner"
"474","2",15000,1000,"Super Area","Iyyappanthangal","Unfurnished","Bachelors/Family",2,"Contact Owner"
"475","2",19000,900,"Super Area","Choolaimedu","Semi-Furnished","Bachelors/Family",2,"Contact Owner"
"476","3",37500,1475,"Super Area","Adyar, Sardar Patel Road","Semi-Furnished","Bachelors/Family",3,"Contact Owner"
"477","1",8000,360,"Super Area","Mogappair West","Semi-Furnished","Bachelors/Family",1,"Contact Owner"
"478","3",45000,1600,"Carpet Area","Adyar, Sardar Patel Road","Unfurnished","Bachelors/Family",3,"Contact Agent"
"479","1",5000,550,"Super Area","Perumbakkam","Unfurnished","Bachelors/Family",1,"Contact Owner"
"480","3",30000,1800,"Super Area","Kolathur","Unfurnished","Bachelors",2,"Contact Owner"
"481","2",17000,1000,"Super Area","Kesari Nagar, Adambakkam","Unfurnished","Bachelors/Family",2,"Contact Owner"
"482","2",15000,700,"Super Area","Karapakkam","Furnished","Bachelors/Family",2,"Contact Owner"
"483","1",3500,500,"Super Area","Thirunagar","Semi-Furnished","Bachelors/Family",1,"Contact Owner"
"484","3",25000,1132,"Super Area","Korattur, Jawaharlal Nehru Road","Semi-Furnished","Bachelors/Family",2,"Contact Agent"
"485","3",17000,1400,"Carpet Area","Old Mahabalipuram Road","Semi-Furnished","Bachelors/Family",3,"Contact Owner"
"486","5",50000,3300,"Super Area","Valasaravakkam, Arcot Road","Semi-Furnished","Bachelors/Family",5,"Contact Owner"
"487","3",22000,1400,"Carpet Area","Chembarambakkam","Semi-Furnished","Bachelors/Family",3,"Contact Owner"
"488","2",12000,800,"Super Area","Ambattur","Semi-Furnished","Bachelors/Family",2,"Contact Owner"
"489","3",10000,80,"Carpet Area","Pudupakkam","Semi-Furnished","Bachelors/Family",2,"Contact Owner"
"490","3",10000,1000,"Carpet Area","Kelambakkam, Old Mahabalipuram Road","Semi-Furnished","Bachelors/Family",3,"Contact Owner"
"491","2",26000,1020,"Super Area","Vadapalani","Semi-Furnished","Bachelors/Family",2,"Contact Agent"
"492","2",9000,500,"Carpet Area","Vengaivasal, Medavakkam","Furnished","Bachelors/Family",2,"Contact Owner"
"493","2",12000,900,"Super Area","Keelkattalai","Furnished","Bachelors/Family",2,"Contact Owner"
"494","2",8500,600,"Carpet Area","58 block","Unfurnished","Bachelors/Family",1,"Contact Owner"
"495","2",7000,1100,"Super Area","Old Mahabalipuram Road","Unfurnished","Bachelors/Family",2,"Contact Owner"
"496","2",12000,1200,"Carpet Area","mahindra city","Unfurnished","Family",3,"Contact Owner"
"497","2",12000,650,"Carpet Area","Old Washermanpet","Unfurnished","Bachelors/Family",2,"Contact Owner"
"498","2",26000,900,"Super Area","Velachery","Semi-Furnished","Bachelors/Family",2,"Contact Owner"
"499","3",13000,100,"Carpet Area","Ambattur railway station","Unfurnished","Bachelors/Family",2,"Contact Owner"
"500","2",30000,1100,"Carpet Area","Nandanam Extension","Unfurnished","Bachelors/Family",2,"Contact Owner"
"501","2",30000,585,"Super Area","Pallavaram","Unfurnished","Bachelors/Family",2,"Contact Owner"
"502","2",12000,740,"Super Area","Madipakkam","Unfurnished","Bachelors/Family",2,"Contact Owner"
"503","1",10000,550,"Super Area","Guindy","Unfurnished","Bachelors/Family",1,"Contact Owner"
"504","2",13000,786,"Super Area","Villivakkam, Jawaharlal Nehru Road","Furnished","Bachelors/Family",2,"Contact Owner"
"505","2",13000,1100,"Carpet Area","Irumbuliyur","Unfurnished","Family",2,"Contact Owner"
"506","3",40000,1500,"Super Area","Virugambakkam","Semi-Furnished","Bachelors",3,"Contact Agent"
"507","3",25000,1440,"Carpet Area","Mahindra World City","Semi-Furnished","Bachelors/Family",3,"Contact Owner"
"508","1",8000,700,"Super Area","Ayanavaram","Semi-Furnished","Bachelors/Family",1,"Contact Owner"
"509","1",6000,450,"Super Area","Kallikuppam","Unfurnished","Bachelors/Family",1,"Contact Owner"
"510","3",17000,1200,"Super Area","Velachery","Semi-Furnished","Bachelors/Family",2,"Contact Owner"
"511","3",17000,1785,"Super Area","Old Mahabalipuram Road","Semi-Furnished","Family",3,"Contact Owner"
"512","2",15000,1050,"Super Area","Kovilambakkam","Semi-Furnished","Bachelors/Family",2,"Contact Owner"
"513","2",8500,700,"Super Area","Tirumudivakkam, Thiruvanmiyur","Semi-Furnished","Bachelors/Family",1,"Contact Owner"
"514","2",8500,450,"Carpet Area","Suriyammapet, Saidapet","Unfurnished","Bachelors/Family",1,"Contact Owner"
"515","2",11000,803,"Super Area","Moulivakkam, Moulivakkam","Semi-Furnished","Bachelors/Family",2,"Contact Owner"
"516","3",60000,1800,"Super Area","in Saligramam","Semi-Furnished","Bachelors",3,"Contact Agent"
"517","2",18000,985,"Carpet Area","Selaiyur","Unfurnished","Bachelors",2,"Contact Owner"
"518","4",70000,2880,"Super Area","Thoraipakkam","Semi-Furnished","Bachelors",3,"Contact Agent"
"519","2",10000,850,"Super Area","Madambakkam","Unfurnished","Bachelors",2,"Contact Owner"
"520","3",20000,1100,"Carpet Area","independent Apartment dhandeeshwatam nagar velachery","Unfurnished","Bachelors/Family",2,"Contact Owner"
"521","2",16000,1100,"Super Area","Madipakkam","Semi-Furnished","Bachelors/Family",2,"Contact Owner"
"522","2",10000,1500,"Super Area","Tambaram, GST Road","Furnished","Bachelors/Family",2,"Contact Owner"
"523","3",100000,1975,"Super Area","Egmore, PH Road","Semi-Furnished","Family",3,"Contact Agent"
"524","1",7000,400,"Super Area","Saraswathi Nagar-Neelankarai, Neelankarai, E Coast Road","Unfurnished","Bachelors/Family",1,"Contact Owner"
"525","2",17000,914,"Super Area","Adambakkam","Semi-Furnished","Bachelors/Family",2,"Contact Owner"
"526","2",17000,1000,"Super Area","Velachery","Semi-Furnished","Bachelors/Family",2,"Contact Owner"
"527","3",39000,1170,"Super Area","Teynampet","Semi-Furnished","Bachelors/Family",2,"Contact Owner"
"528","1",6500,350,"Super Area","Mugalivakkam","Unfurnished","Bachelors/Family",1,"Contact Owner"
"529","3",15000,1120,"Carpet Area","BHEL Nagar-Medavakkam","Unfurnished","Bachelors",2,"Contact Owner"
"530","2",17000,1100,"Super Area","Puzhuthivakkam, Madipakkam","Unfurnished","Bachelors/Family",2,"Contact Owner"
"531","1",6800,500,"Super Area","Thiruverkkadu","Unfurnished","Bachelors/Family",1,"Contact Owner"
"532","3",110000,1435,"Super Area","Nungambakkam","Furnished","Bachelors/Family",3,"Contact Owner"
"533","1",8500,200,"Carpet Area","Arumbakkam","Semi-Furnished","Bachelors/Family",1,"Contact Owner"
"534","3",65000,1444,"Super Area","Nungambakkam","Semi-Furnished","Bachelors",3,"Contact Agent"
"535","1",7500,350,"Super Area","Kilpauk","Semi-Furnished","Bachelors/Family",1,"Contact Owner"
"536","2",10000,800,"Super Area","Perumbakkam","Semi-Furnished","Bachelors/Family",2,"Contact Owner"
"537","3",34000,1503,"Carpet Area","Ram Nagar-Nanganallur","Semi-Furnished","Family",2,"Contact Owner"
"538","3",17000,1200,"Super Area","Selaiyur","Unfurnished","Bachelors/Family",3,"Contact Owner"
"539","3",23000,900,"Carpet Area","Loganathan Colony, Mylapore","Unfurnished","Bachelors",2,"Contact Owner"
"540","1",17000,625,"Super Area","Iyyappanthangal","Semi-Furnished","Bachelors/Family",1,"Contact Owner"
"541","2",8500,860,"Super Area","Vandalur","Semi-Furnished","Bachelors/Family",2,"Contact Owner"
"542","2",10000,960,"Super Area","Chromepet, GST Road","Unfurnished","Bachelors/Family",2,"Contact Owner"
"543","2",8000,550,"Super Area","Perungalathur, Chennai Bypass Road","Unfurnished","Bachelors",1,"Contact Owner"
"544","3",30000,1000,"Super Area","Egmore, PH Road","Semi-Furnished","Bachelors/Family",3,"Contact Owner"
"545","1",15000,520,"Super Area","Vadapalani","Semi-Furnished","Bachelors/Family",1,"Contact Owner"
"546","3",25000,1500,"Super Area","Arumbakkam","Unfurnished","Bachelors/Family",2,"Contact Agent"
"547","2",16500,966,"Super Area","Kolathur","Semi-Furnished","Bachelors/Family",2,"Contact Owner"
"548","3",40000,1400,"Super Area","Semmancheri","Semi-Furnished","Bachelors/Family",3,"Contact Owner"
"549","3",15000,1300,"Super Area","Sriperumbudur","Semi-Furnished","Bachelors/Family",2,"Contact Owner"
"550","3",12000,1062,"Super Area","Pudupakkam","Semi-Furnished","Bachelors/Family",2,"Contact Owner"
"551","3",35000,1850,"Carpet Area","Thoraipakkam","Semi-Furnished","Bachelors",3,"Contact Owner"
"552","2",8000,600,"Carpet Area","Ambattur","Unfurnished","Bachelors/Family",2,"Contact Owner"
"553","2",11000,1000,"Super Area","Poonamallee","Semi-Furnished","Bachelors/Family",2,"Contact Owner"
"554","3",20000,1065,"Super Area","Washermanpet","Semi-Furnished","Bachelors/Family",3,"Contact Owner"
"555","3",17000,950,"Carpet Area","Kattupakkam, PH Road","Unfurnished","Bachelors",3,"Contact Owner"
"556","2",9000,740,"Super Area","Chitlapakkam","Unfurnished","Family",2,"Contact Owner"
"557","2",16500,700,"Super Area","Ashok Nagar","Semi-Furnished","Bachelors/Family",2,"Contact Owner"
"558","2",12000,880,"Carpet Area","Thiruneermalai","Unfurnished","Family",2,"Contact Owner"
"559","2",12500,890,"Super Area","Padur, Old Mahabalipuram Road","Unfurnished","Bachelors",2,"Contact Owner"
"560","2",25000,1100,"Super Area","Besant Nagar","Unfurnished","Bachelors/Family",2,"Contact Owner"
"561","2",15000,700,"Super Area","Ambattur","Furnished","Bachelors/Family",2,"Contact Owner"
"562","3",14000,1155,"Super Area","Old Mahabalipuram Road","Unfurnished","Bachelors/Family",2,"Contact Owner"
"563","3",72000,1500,"Carpet Area","R.A Puram, Mandaiveli","Semi-Furnished","Bachelors",3,"Contact Agent"
"564","1",10000,550,"Super Area","Ambattur","Unfurnished","Bachelors/Family",1,"Contact Owner"
"565","2",17000,1000,"Super Area","Mogappair East","Semi-Furnished","Bachelors/Family",2,"Contact Owner"
"566","2",12000,550,"Super Area","Choolaimedu","Unfurnished","Bachelors/Family",2,"Contact Owner"
"567","3",72000,2900,"Carpet Area","MRC Nagar","Semi-Furnished","Bachelors",3,"Contact Agent"
"568","3",26000,2100,"Super Area","Sholinganallur","Semi-Furnished","Bachelors/Family",2,"Contact Agent"
"569","2",10500,1000,"Super Area","Perungalathur, Chennai Bypass Road","Unfurnished","Bachelors/Family",2,"Contact Owner"
"570","2",15000,800,"Super Area","Anakaputhur","Unfurnished","Bachelors/Family",1,"Contact Owner"
"571","2",8500,900,"Carpet Area","Valasaravakkam, Arcot Road","Unfurnished","Bachelors",1,"Contact Owner"
"572","2",10000,800,"Carpet Area","Kovilambakkam","Semi-Furnished","Bachelors/Family",2,"Contact Owner"
"573","2",10000,1015,"Super Area","Poonamallee","Semi-Furnished","Bachelors/Family",3,"Contact Owner"
"574","3",25000,1700,"Super Area","Urapakkam, Vandalur R.F, GST Road","Semi-Furnished","Bachelors/Family",3,"Contact Owner"
"575","1",10000,850,"Super Area","Madambakkam","Unfurnished","Bachelors/Family",1,"Contact Owner"
"576","2",13000,1260,"Super Area","Porur","Semi-Furnished","Bachelors/Family",3,"Contact Owner"
"577","2",16000,800,"Super Area","Nanganallur","Semi-Furnished","Bachelors/Family",2,"Contact Owner"
"578","1",5000,550,"Carpet Area","5000","Unfurnished","Bachelors/Family",1,"Contact Owner"
"579","2",9500,800,"Carpet Area","Ask Nagar, Adambakkam","Semi-Furnished","Bachelors/Family",2,"Contact Owner"
"580","3",18000,1200,"Carpet Area","Nesapakkam","Semi-Furnished","Bachelors",2,"Contact Owner"
"581","3",24000,1570,"Super Area","Selaiyur","Semi-Furnished","Bachelors/Family",3,"Contact Owner"
"582","1",6166,570,"Super Area","Mangadu","Semi-Furnished","Bachelors/Family",1,"Contact Owner"
"583","2",20000,900,"Super Area","Anna Nagar West","Semi-Furnished","Bachelors/Family",2,"Contact Owner"
"584","2",13000,700,"Super Area","Chintadripet","Unfurnished","Bachelors/Family",2,"Contact Owner"
"585","1",8000,500,"Super Area","Villivakkam, Jawaharlal Nehru Road","Unfurnished","Bachelors/Family",1,"Contact Owner"
"586","2",18000,1000,"Super Area","Sholinganallur","Unfurnished","Bachelors/Family",2,"Contact Owner"
"587","2",20000,700,"Carpet Area","Mambalam West","Unfurnished","Bachelors/Family",2,"Contact Owner"
"588","2",14000,690,"Super Area","Velachery","Unfurnished","Bachelors/Family",1,"Contact Owner"
"589","2",15000,100,"Carpet Area","Mogappair East","Semi-Furnished","Family",2,"Contact Owner"
"590","3",25000,1200,"Carpet Area","Chromepet, GST Road","Semi-Furnished","Bachelors/Family",3,"Contact Agent"
"591","2",26000,1200,"Carpet Area","Nungambakkam","Semi-Furnished","Bachelors",2,"Contact Agent"
"592","2",9000,800,"Super Area","Mudichur","Unfurnished","Bachelors/Family",2,"Contact Owner"
"593","3",15000,1157,"Super Area","Kelambakkam, Old Mahabalipuram Road","Unfurnished","Bachelors/Family",3,"Contact Owner"
"594","2",15000,780,"Super Area","Velachery","Semi-Furnished","Bachelors/Family",2,"Contact Owner"
"595","3",130000,2792,"Super Area","Kellys","Furnished","Bachelors/Family",5,"Contact Owner"
"596","1",7500,500,"Super Area","Pallikaranai","Unfurnished","Bachelors/Family",1,"Contact Owner"
"597","2",9500,750,"Super Area","Perumbakkam","Unfurnished","Bachelors/Family",2,"Contact Owner"
"598","6",60000,1800,"Super Area","Besant Nagar","Furnished","Bachelors/Family",6,"Contact Owner"
"599","1",7000,500,"Super Area","Koyambedu","Semi-Furnished","Bachelors/Family",1,"Contact Owner"
"600","2",23000,1153,"Super Area","Mangadu","Semi-Furnished","Family",2,"Contact Owner"
"601","1",18000,500,"Super Area","Anna Nagar","Furnished","Bachelors/Family",1,"Contact Owner"
"602","3",18000,1000,"Carpet Area","Kelambakkam, Old Mahabalipuram Road","Unfurnished","Bachelors/Family",2,"Contact Owner"
"603","1",6000,510,"Super Area","Madhavaram, Guntur Chennai Highway","Unfurnished","Bachelors/Family",1,"Contact Owner"
"604","2",13000,730,"Carpet Area","Keelkattalai","Semi-Furnished","Family",2,"Contact Owner"
"605","2",15000,950,"Super Area","Velachery","Unfurnished","Bachelors/Family",2,"Contact Owner"
"606","2",10000,730,"Super Area","Santhosapuram, Medavakkam","Semi-Furnished","Bachelors/Family",2,"Contact Owner"
"607","3",22000,1400,"Super Area","Madhavaram, Guntur Chennai Highway","Semi-Furnished","Bachelors/Family",2,"Contact Owner"
"608","2",10000,900,"Super Area","Poonamallee","Semi-Furnished","Bachelors/Family",2,"Contact Owner"
"609","1",6500,506,"Super Area","Pallikaranai","Unfurnished","Bachelors/Family",1,"Contact Owner"
"610","2",7000,749,"Super Area","Thandalam","Unfurnished","Bachelors/Family",2,"Contact Owner"
"611","1",18000,520,"Super Area","T Nagar","Semi-Furnished","Bachelors/Family",1,"Contact Owner"
"612","2",7000,850,"Super Area","Padapai","Unfurnished","Bachelors/Family",2,"Contact Owner"
"613","2",22000,1000,"Super Area","Lake Area, Nungambakkam","Semi-Furnished","Family",2,"Contact Owner"
"614","1",7000,600,"Super Area","Kundrathur, Pallavaram Kundrathur Main Road","Unfurnished","Bachelors",1,"Contact Owner"
"615","1",15000,1900,"Carpet Area","Kailasapuram-Mylapore","Semi-Furnished","Bachelors/Family",1,"Contact Owner"
"616","2",8000,600,"Carpet Area","Rajakilpakkam, Selaiyur","Semi-Furnished","Bachelors/Family",1,"Contact Owner"
"617","1",7000,500,"Super Area","Selaiyur","Unfurnished","Bachelors/Family",1,"Contact Owner"
"618","1",9000,550,"Super Area","Pammal","Unfurnished","Bachelors/Family",1,"Contact Owner"
"619","2",9800,1200,"Super Area","Medavakkam","Unfurnished","Bachelors/Family",2,"Contact Owner"
"620","3",14500,1107,"Carpet Area","sspdl Mayfair","Semi-Furnished","Bachelors/Family",2,"Contact Owner"
"621","1",15000,550,"Carpet Area","Iyyappanthangal","Semi-Furnished","Bachelors/Family",1,"Contact Agent"
"622","2",22000,1150,"Carpet Area","Iyyappanthangal","Semi-Furnished","Bachelors/Family",2,"Contact Agent"
"623","2",9000,600,"Super Area","Subramaniya Swamy Nagar, Valasaravakkam, Arcot Road","Unfurnished","Bachelors/Family",2,"Contact Owner"
"624","3",18000,1235,"Super Area","Perambur","Semi-Furnished","Bachelors/Family",2,"Contact Owner"
"625","1",8500,600,"Super Area","Tharamani","Unfurnished","Bachelors/Family",2,"Contact Owner"
"626","1",6500,400,"Super Area","Perungalathur, Chennai Bypass Road","Semi-Furnished","Bachelors/Family",2,"Contact Owner"
"627","3",40000,1400,"Carpet Area","Nandambakkam","Semi-Furnished","Bachelors/Family",3,"Contact Agent"
"628","3",17000,800,"Carpet Area","Royapettah","Unfurnished","Bachelors/Family",2,"Contact Owner"
"629","2",12000,700,"Super Area","Maduravoyal","Unfurnished","Bachelors/Family",2,"Contact Owner"
"630","2",30000,900,"Carpet Area","Anna Nagar","Semi-Furnished","Bachelors/Family",2,"Contact Owner"
"631","1",4000,400,"Super Area","Rani Anna Nagar","Unfurnished","Bachelors/Family",1,"Contact Owner"
"632","2",14000,850,"Super Area","Banu Nagar","Furnished","Bachelors/Family",2,"Contact Owner"
"633","3",25000,1415,"Super Area","G S T Road","Furnished","Bachelors/Family",2,"Contact Owner"
"634","1",8000,281,"Carpet Area","Thiruvanmiyur","Unfurnished","Bachelors/Family",1,"Contact Owner"
"635","1",12500,600,"Super Area","Arumbakkam","Furnished","Bachelors/Family",1,"Contact Owner"
"636","5",100000,6000,"Super Area","Navalur","Semi-Furnished","Bachelors/Family",4,"Contact Agent"
"637","2",14000,1050,"Carpet Area","Perambur","Unfurnished","Bachelors",2,"Contact Owner"
"638","1",7500,390,"Carpet Area","Bharath Nagar, Porur","Unfurnished","Bachelors/Family",1,"Contact Owner"
"639","3",17500,950,"Carpet Area","chettipunniyam","Semi-Furnished","Bachelors/Family",2,"Contact Owner"
"640","3",27000,1500,"Carpet Area","Sholinganallur","Semi-Furnished","Family",3,"Contact Owner"
"641","2",16500,200,"Carpet Area","Purasawalkam, PH Road","Unfurnished","Bachelors/Family",2,"Contact Owner"
"642","2",12000,926,"Super Area","Madipakkam","Semi-Furnished","Bachelors/Family",2,"Contact Owner"
"643","3",45000,1700,"Carpet Area","Gandhi Nagar Adyar","Semi-Furnished","Bachelors",3,"Contact Owner"
"644","2",15000,1068,"Carpet Area","Kamakoti Nagar, Pallikaranai","Semi-Furnished","Family",2,"Contact Owner"
"645","3",14000,1800,"Carpet Area","TTK Nagar, Tambaram","Semi-Furnished","Family",3,"Contact Owner"
"646","2",17000,590,"Carpet Area","Mambalam West","Semi-Furnished","Bachelors/Family",2,"Contact Owner"
"647","3",34999,1400,"Carpet Area","Virugambakkam","Semi-Furnished","Bachelors/Family",3,"Contact Agent"
"648","1",7000,550,"Carpet Area","Mahindra World City","Semi-Furnished","Bachelors/Family",1,"Contact Owner"
"649","1",10500,520,"Super Area","Semmancheri","Semi-Furnished","Bachelors/Family",1,"Contact Owner"
"650","2",15000,900,"Super Area","Valasaravakkam, Arcot Road","Semi-Furnished","Bachelors/Family",2,"Contact Owner"
"651","2",10000,700,"Super Area","Nanmangalam","Semi-Furnished","Bachelors/Family",2,"Contact Owner"
"652","1",7000,400,"Super Area","Medavakkam","Semi-Furnished","Bachelors/Family",1,"Contact Owner"
"653","4",200000,2280,"Carpet Area","Mylapore","Semi-Furnished","Bachelors/Family",4,"Contact Agent"
"654","2",12000,826,"Super Area","Medavakkam","Semi-Furnished","Bachelors/Family",2,"Contact Owner"
"655","2",10000,1050,"Super Area","Sembakkam","Semi-Furnished","Bachelors/Family",2,"Contact Owner"
"656","2",15000,700,"Super Area","Alandur","Semi-Furnished","Bachelors/Family",2,"Contact Owner"
"657","2",19000,800,"Carpet Area","Thoraipakkam","Semi-Furnished","Bachelors/Family",2,"Contact Agent"
"658","2",25000,850,"Super Area","Old Pallavaram, Alandur","Furnished","Bachelors/Family",2,"Contact Owner"
"659","1",10000,502,"Super Area","T Nagar","Unfurnished","Bachelors/Family",1,"Contact Owner"
"660","2",13000,925,"Carpet Area","Nest bliss sholinganallur","Unfurnished","Bachelors",2,"Contact Owner"
"661","2",12500,500,"Super Area","Kolathur","Unfurnished","Bachelors/Family",1,"Contact Owner"
"662","2",10000,950,"Super Area","Adambakkam","Unfurnished","Bachelors/Family",2,"Contact Owner"
"663","2",16000,930,"Super Area","Mogappair East","Semi-Furnished","Bachelors/Family",2,"Contact Owner"
"664","2",11000,950,"Carpet Area","Menambedu","Semi-Furnished","Family",2,"Contact Owner"
"665","2",13000,800,"Carpet Area","Devi Karumariamman Nagar, Velachery","Semi-Furnished","Bachelors/Family",2,"Contact Owner"
"666","2",15000,950,"Super Area","Neelankarai, E Coast Road","Semi-Furnished","Family",1,"Contact Owner"
"667","3",15000,1100,"Carpet Area","Ponniamman Nagar, Iyyappanthangal","Unfurnished","Family",2,"Contact Owner"
"668","2",20000,750,"Super Area","Anna Nagar","Unfurnished","Bachelors/Family",3,"Contact Owner"
"669","2",12000,1000,"Super Area","Thalambur","Semi-Furnished","Bachelors/Family",2,"Contact Owner"
"670","2",600000,950,"Carpet Area","Vettuvankeni","Unfurnished","Bachelors",2,"Contact Owner"
"671","2",11000,800,"Super Area","Narayanapuram, Kovilambakkam","Semi-Furnished","Family",2,"Contact Owner"
"672","1",10000,500,"Carpet Area","Kodambakkam","Unfurnished","Bachelors",1,"Contact Agent"
"673","3",30000,1500,"Carpet Area","Porur","Semi-Furnished","Bachelors/Family",3,"Contact Agent"
"674","1",8000,550,"Super Area","Padur, Old Mahabalipuram Road","Furnished","Bachelors/Family",1,"Contact Owner"
"675","1",7000,400,"Super Area","Nanmangalam","Semi-Furnished","Bachelors/Family",1,"Contact Owner"
"676","1",10000,550,"Carpet Area","Luz, Mylapore","Unfurnished","Bachelors",1,"Contact Owner"
"677","2",9300,730,"Super Area","Ambattur","Unfurnished","Bachelors/Family",1,"Contact Owner"
"678","2",10500,1000,"Carpet Area","Kambar Nagar-Kolathur","Semi-Furnished","Family",2,"Contact Owner"
"679","2",16000,975,"Carpet Area","Kovilambakkam","Semi-Furnished","Bachelors/Family",2,"Contact Agent"
"680","2",20000,1800,"Super Area","Old Mahabalipuram Road","Semi-Furnished","Bachelors/Family",2,"Contact Owner"
"681","2",9000,745,"Super Area","Ambattur","Semi-Furnished","Bachelors/Family",2,"Contact Owner"
"682","2",18000,900,"Carpet Area","Medavakkam","Semi-Furnished","Family",2,"Contact Agent"
"683","2",10000,600,"Super Area","Jaya Nagar, Porur, Chennai Bypass Road","Unfurnished","Family",2,"Contact Owner"
"684","2",16000,600,"Super Area","Saidapet","Unfurnished","Bachelors/Family",2,"Contact Owner"
"685","1",13500,450,"Carpet Area","Kodambakkam","Unfurnished","Bachelors",1,"Contact Owner"
"686","2",16000,1030,"Super Area","Thoraipakkam","Semi-Furnished","Bachelors/Family",2,"Contact Owner"
"687","2",8500,833,"Super Area","Perungalathur, Chennai Bypass Road","Unfurnished","Bachelors/Family",2,"Contact Owner"
"688","2",15000,1000,"Super Area","Madipakkam","Semi-Furnished","Bachelors/Family",2,"Contact Owner"
"689","2",8200,840,"Carpet Area","rajakillpakkam","Unfurnished","Bachelors/Family",2,"Contact Owner"
"690","2",20000,750,"Carpet Area","Velachery","Furnished","Family",2,"Contact Owner"
"691","2",9000,950,"Super Area","Kattupakkam, PH Road","Semi-Furnished","Bachelors/Family",2,"Contact Owner"
"692","1",13500,550,"Super Area","Anna Nagar","Semi-Furnished","Bachelors/Family",1,"Contact Owner"
"693","3",26000,1125,"Super Area","Purasawalkam, PH Road","Semi-Furnished","Bachelors/Family",2,"Contact Owner"
"694","2",11000,700,"Carpet Area","Tiruvottiyur","Unfurnished","Bachelors/Family",2,"Contact Owner"
"695","2",18000,1100,"Super Area","Tambaram West, Tambaram, Chennai Bypass Road","Semi-Furnished","Bachelors/Family",2,"Contact Owner"
"696","2",10000,700,"Super Area","Kubera Nagar, Madipakkam","Unfurnished","Bachelors/Family",2,"Contact Owner"
"697","3",40000,1250,"Carpet Area","T Nagar","Semi-Furnished","Bachelors",3,"Contact Agent"
"698","2",24000,1100,"Super Area","Vadapalani","Unfurnished","Bachelors/Family",2,"Contact Owner"
"699","1",18000,475,"Carpet Area","Sholinganallur","Semi-Furnished","Bachelors/Family",1,"Contact Agent"
"700","2",11000,530,"Super Area","Jyothi Nagar-Ekkatuthangal","Semi-Furnished","Bachelors/Family",1,"Contact Owner"
"701","2",23000,1050,"Carpet Area","Vadapalani","Semi-Furnished","Family",2,"Contact Agent"
"702","2",11000,830,"Super Area","Sembakkam","Semi-Furnished","Family",2,"Contact Owner"
"703","2",8000,809,"Super Area","Chromepet, GST Road","Unfurnished","Bachelors/Family",2,"Contact Owner"
"704","2",15000,900,"Super Area","Kattupakkam, PH Road","Semi-Furnished","Bachelors/Family",2,"Contact Owner"
"705","1",9500,700,"Super Area","Santhosapuram, Medavakkam","Semi-Furnished","Bachelors/Family",1,"Contact Owner"
"706","2",13500,1150,"Super Area","Tambaram West, Tambaram, Chennai Bypass Road","Semi-Furnished","Bachelors",2,"Contact Owner"
"707","1",11000,750,"Super Area","Porur Gardens","Semi-Furnished","Bachelors/Family",1,"Contact Owner"
"708","2",13000,920,"Super Area","Ullagaram, Pallavaram-Thuraipakkam Road","Semi-Furnished","Bachelors/Family",2,"Contact Owner"
"709","2",25000,1050,"Carpet Area","Vadapalani","Semi-Furnished","Family",2,"Contact Agent"
"710","2",12000,1800,"Super Area","Madambakkam","Unfurnished","Bachelors/Family",2,"Contact Owner"
"711","2",25000,1000,"Carpet Area","Adyar, Sardar Patel Road","Semi-Furnished","Bachelors",2,"Contact Agent"
"712","3",8500,1062,"Carpet Area","Siruseri","Semi-Furnished","Bachelors/Family",2,"Contact Owner"
"713","2",8500,800,"Super Area","Ambattur","Unfurnished","Bachelors/Family",2,"Contact Owner"
"714","1",5000,450,"Super Area","Thirumullaivoyal","Unfurnished","Bachelors/Family",1,"Contact Owner"
"715","2",8500,900,"Super Area","Perungalathur, Chennai Bypass Road","Unfurnished","Bachelors/Family",1,"Contact Owner"
"716","4",100000,2240,"Carpet Area","Anna Nagar","Furnished","Bachelors/Family",4,"Contact Agent"
"717","1",7500,500,"Super Area","Kovur","Unfurnished","Bachelors/Family",1,"Contact Owner"
"718","1",7000,750,"Super Area","Pammal","Unfurnished","Bachelors/Family",1,"Contact Agent"
"719","3",26000,1400,"Super Area","Chromepet, GST Road","Semi-Furnished","Bachelors/Family",3,"Contact Owner"
"720","2",12000,1200,"Carpet Area","CBI Colony","Semi-Furnished","Bachelors",2,"Contact Owner"
"721","2",18000,1424,"Super Area","kumari neo town","Semi-Furnished","Bachelors/Family",2,"Contact Owner"
"722","1",13000,450,"Super Area","Arasankalani","Unfurnished","Bachelors",1,"Contact Owner"
"723","3",160000,2700,"Super Area","T Nagar","Furnished","Bachelors",2,"Contact Agent"
"724","2",8000,805,"Super Area","Urapakkam, Vandalur R.F, GST Road","Unfurnished","Bachelors/Family",2,"Contact Owner"
"725","1",6000,434,"Super Area","Thirumazhisai","Unfurnished","Bachelors/Family",1,"Contact Owner"
"726","2",12500,1000,"Super Area","Perambur","Semi-Furnished","Bachelors/Family",2,"Contact Owner"
"727","1",6500,595,"Super Area","Vengaivasal, Medavakkam","Semi-Furnished","Bachelors/Family",1,"Contact Owner"
"728","2",10000,685,"Super Area","Kolathur","Unfurnished","Bachelors/Family",2,"Contact Owner"
"729","2",12500,1075,"Super Area","Teachers's Colony-Lakshmipuram","Semi-Furnished","Bachelors/Family",2,"Contact Owner"
"730","3",22000,1100,"Carpet Area","Velachery","Semi-Furnished","Bachelors",3,"Contact Agent"
"731","2",17000,950,"Carpet Area","Madipakkam","Unfurnished","Family",2,"Contact Owner"
"732","3",20000,1500,"Super Area","Semmenchery","Unfurnished","Bachelors",3,"Contact Owner"
"733","3",22000,1100,"Super Area","Porur","Semi-Furnished","Bachelors/Family",2,"Contact Owner"
"734","2",11500,1100,"Carpet Area","Valasaravakkam, Arcot Road","Semi-Furnished","Bachelors",2,"Contact Owner"
"735","3",23000,1000,"Carpet Area","Keelkatalai","Unfurnished","Bachelors",3,"Contact Owner"
"736","2",19000,800,"Super Area","Mambalam West","Semi-Furnished","Bachelors/Family",2,"Contact Owner"
"737","3",45000,1500,"Super Area","CIT Nagar","Semi-Furnished","Bachelors/Family",2,"Contact Owner"
"738","3",17000,1250,"Super Area","Madipakkam","Semi-Furnished","Bachelors/Family",2,"Contact Owner"
"739","2",9500,650,"Carpet Area","Pallikaranai","Unfurnished","Bachelors/Family",2,"Contact Owner"
"740","3",45000,1650,"Super Area","Valasaravakkam, Arcot Road","Unfurnished","Bachelors/Family",3,"Contact Agent"
"741","4",60000,2317,"Super Area","Sholinganallur","Unfurnished","Bachelors/Family",4,"Contact Agent"
"742","2",12000,950,"Super Area","Radha Nagar, Chrompet","Semi-Furnished","Family",2,"Contact Owner"
"743","3",40000,1700,"Super Area","KK Nagar","Furnished","Bachelors/Family",3,"Contact Owner"
"744","3",16000,1300,"Super Area","Porur","Furnished","Bachelors/Family",2,"Contact Owner"
"745","2",9000,805,"Super Area","Madipakkam","Semi-Furnished","Bachelors/Family",2,"Contact Owner"
"746","2",35000,1109,"Super Area","Adyar, Thiruvanmiyur, Chennai","Semi-Furnished","Bachelors/Family",2,"Contact Owner"
"747","1",4000,300,"Super Area","Tiruvottiyur","Unfurnished","Bachelors",1,"Contact Owner"
"748","2",11000,700,"Super Area","Tharamani","Unfurnished","Bachelors/Family",1,"Contact Owner"
"749","2",9500,950,"Super Area","Manali, Manali High Road","Semi-Furnished","Bachelors/Family",2,"Contact Owner"
"750","3",25000,1290,"Super Area","Poonamalle","Unfurnished","Bachelors/Family",3,"Contact Owner"
"751","2",10000,950,"Super Area","S.Kolathur","Unfurnished","Bachelors/Family",2,"Contact Owner"
"752","1",12000,400,"Super Area","Besant Nagar","Furnished","Bachelors/Family",1,"Contact Owner"
"753","2",19397,2000,"Super Area","Guduvancheri","Furnished","Bachelors/Family",2,"Contact Owner"
"754","2",12000,939,"Super Area","New Perungalathur","Semi-Furnished","Bachelors/Family",2,"Contact Owner"
"755","3",10000,1200,"Carpet Area","Kovur","Unfurnished","Bachelors/Family",3,"Contact Owner"
"756","2",20000,1800,"Super Area","Ambattur Industrial Estate, Chennai Bypass Road","Semi-Furnished","Bachelors/Family",2,"Contact Owner"
"757","3",15000,1200,"Carpet Area","Madambakkam","Unfurnished","Bachelors/Family",2,"Contact Agent"
"758","2",28000,1200,"Super Area","Kodambakkam","Semi-Furnished","Family",2,"Contact Owner"
"759","3",10000,1750,"Super Area","Kuthanur","Unfurnished","Bachelors/Family",3,"Contact Owner"
"760","1",3500,300,"Super Area","Mogappair West","Unfurnished","Bachelors/Family",1,"Contact Owner"
"761","1",8000,650,"Carpet Area","Sholinganallur","Unfurnished","Bachelors",1,"Contact Owner"
"762","2",13500,950,"Super Area","Iyyappanthangal","Semi-Furnished","Bachelors/Family",2,"Contact Owner"
"763","3",36000,1610,"Super Area","Vadapalani","Semi-Furnished","Family",3,"Contact Agent"
"764","2",15000,900,"Super Area","Kodungaiyur East","Unfurnished","Bachelors/Family",2,"Contact Owner"
"765","1",5000,550,"Carpet Area","Tambaram, GST Road","Unfurnished","Bachelors/Family",1,"Contact Owner"
"766","2",10000,700,"Super Area","Nanmangalam","Unfurnished","Bachelors/Family",2,"Contact Owner"
"767","2",10000,800,"Super Area","Madipakkam","Unfurnished","Bachelors/Family",2,"Contact Owner"
"768","2",8500,580,"Super Area","Sholinganallur","Semi-Furnished","Bachelors/Family",2,"Contact Owner"
"769","2",11000,950,"Super Area","Nandanam","Semi-Furnished","Bachelors/Family",2,"Contact Owner"
"770","1",8000,700,"Carpet Area","Nemilichery, Chromepet","Unfurnished","Bachelors/Family",1,"Contact Owner"
"771","2",12000,600,"Super Area","Bharathidasan Colony, KK Nagar","Semi-Furnished","Bachelors/Family",1,"Contact Owner"
"772","1",5000,200,"Super Area","Mambalam West","Semi-Furnished","Bachelors/Family",1,"Contact Owner"
"773","1",7000,600,"Super Area","Iyyappanthangal","Semi-Furnished","Bachelors/Family",1,"Contact Owner"
"774","2",15000,550,"Super Area","Mylapore","Unfurnished","Bachelors/Family",2,"Contact Owner"
"775","1",10000,600,"Super Area","Mugalivakkam","Unfurnished","Bachelors/Family",1,"Contact Owner"
"776","3",37500,1680,"Super Area","Vadapalani","Semi-Furnished","Family",3,"Contact Agent"
"777","2",7000,1100,"Carpet Area","Kayarambedu","Unfurnished","Bachelors/Family",2,"Contact Owner"
"778","1",6500,600,"Super Area","Chromepet, GST Road","Unfurnished","Bachelors/Family",1,"Contact Owner"
"779","2",16000,820,"Carpet Area","Purasaiwakkam","Semi-Furnished","Family",2,"Contact Owner"
"780","3",34000,1125,"Carpet Area","Vadapalani","Semi-Furnished","Family",3,"Contact Agent"
"781","2",11500,973,"Carpet Area","Padapai","Semi-Furnished","Family",2,"Contact Owner"
"782","2",15000,780,"Super Area","Guindy Race Course, Guindy","Furnished","Bachelors/Family",1,"Contact Owner"
"783","1",8000,400,"Super Area","Mannivakkam","Unfurnished","Bachelors/Family",1,"Contact Owner"
"784","4",220000,4000,"Super Area","Poes Garden, Teynampet","Semi-Furnished","Bachelors/Family",4,"Contact Agent"
"785","2",22000,1000,"Carpet Area","T Nagar","Semi-Furnished","Bachelors/Family",2,"Contact Agent"
"786","3",85000,3500,"Carpet Area","T Nagar","Semi-Furnished","Bachelors/Family",3,"Contact Agent"
"787","1",6000,350,"Super Area","Maduravoyal","Semi-Furnished","Bachelors/Family",1,"Contact Owner"
"788","2",14000,800,"Carpet Area","Choolaimedu High Road","Semi-Furnished","Bachelors",2,"Contact Owner"
"789","2",11500,700,"Super Area","Paddy field street,Perambur","Unfurnished","Bachelors/Family",2,"Contact Owner"
"790","1",6000,550,"Super Area","Vimalapuram, Manali","Unfurnished","Bachelors/Family",1,"Contact Owner"
"791","3",24000,2100,"Super Area","Nanmangalam","Semi-Furnished","Bachelors/Family",4,"Contact Owner"
"792","3",32000,1700,"Super Area","Perumbakkam","Semi-Furnished","Bachelors/Family",3,"Contact Owner"
"793","3",16000,1420,"Carpet Area","Rajakipakkam, Sembakkam","Semi-Furnished","Bachelors/Family",2,"Contact Owner"
"794","2",13000,950,"Carpet Area","Duraisamy Nagar","Semi-Furnished","Bachelors/Family",2,"Contact Owner"
"795","2",14000,780,"Super Area","Pallikaranai","Semi-Furnished","Bachelors/Family",2,"Contact Owner"
"796","1",7500,800,"Carpet Area","Jalladian Pet","Unfurnished","Bachelors",1,"Contact Owner"
"797","2",10000,500,"Super Area","Koyambedu","Semi-Furnished","Bachelors/Family",1,"Contact Owner"
"798","2",18500,1000,"Super Area","Semmancheri","Semi-Furnished","Bachelors/Family",2,"Contact Owner"
"799","2",12000,750,"Super Area","Royapettah","Unfurnished","Bachelors/Family",2,"Contact Owner"
"800","2",17000,1200,"Carpet Area","Cmbt","Unfurnished","Bachelors/Family",2,"Contact Owner"
"801","3",35000,1152,"Carpet Area","Vadapalani","Semi-Furnished","Family",3,"Contact Agent"
"802","2",9000,843,"Super Area","Kovur","Semi-Furnished","Bachelors/Family",2,"Contact Owner"
"803","2",13000,900,"Super Area","Semmancheri","Unfurnished","Bachelors/Family",2,"Contact Owner"
"804","2",27999,1250,"Carpet Area","Nandambakkam","Semi-Furnished","Bachelors/Family",2,"Contact Agent"
"805","2",11000,650,"Super Area","Kodambakkam","Unfurnished","Bachelors/Family",2,"Contact Owner"
"806","4",140000,2600,"Carpet Area","Ranjith Road","Semi-Furnished","Bachelors/Family",4,"Contact Agent"
"807","1",12000,700,"Super Area","Indra Nagar","Unfurnished","Bachelors/Family",1,"Contact Owner"
"808","2",13000,720,"Carpet Area","Sakthi Nagar, Adambakkam","Unfurnished","Family",2,"Contact Owner"
"809","4",250000,3500,"Carpet Area","Poes Garden, Teynampet","Semi-Furnished","Bachelors/Family",4,"Contact Agent"
"810","4",80000,3000,"Carpet Area","Egmore, PH Road","Unfurnished","Bachelors",4,"Contact Agent"
"811","2",22999,1144,"Carpet Area","Iyyappanthangal","Semi-Furnished","Bachelors/Family",2,"Contact Agent"
"812","3",36000,1750,"Carpet Area","Anna Nagar","Unfurnished","Bachelors",3,"Contact Agent"
"813","3",70000,1450,"Super Area","Madipakkam","Unfurnished","Bachelors/Family",2,"Contact Owner"
"814","2",12500,590,"Super Area","Choolaimedu","Unfurnished","Bachelors/Family",1,"Contact Owner"
"815","2",18000,900,"Super Area","Anna Nagar West Extension","Semi-Furnished","Bachelors/Family",2,"Contact Owner"
"816","2",10000,800,"Super Area","Ramapuram","Semi-Furnished","Bachelors/Family",1,"Contact Owner"
"817","2",18000,1000,"Super Area","Sholinganallur","Semi-Furnished","Bachelors/Family",2,"Contact Owner"
"818","3",37000,1650,"Super Area","Vadapalani","Semi-Furnished","Family",3,"Contact Agent"
"819","2",18000,700,"Carpet Area","Thiruvanmiyur","Semi-Furnished","Bachelors/Family",2,"Contact Owner"
"820","3",25000,1280,"Super Area","MAHA BUILDERS, SAIMAA CASTLE, VELACHERY","Semi-Furnished","Bachelors/Family",2,"Contact Owner"
"821","2",10000,700,"Super Area","Zamin Pallavaram, Pallavaram","Unfurnished","Bachelors/Family",2,"Contact Owner"
"822","2",15000,980,"Super Area","Purasaiwakkam","Unfurnished","Bachelors/Family",2,"Contact Owner"
"823","2",15000,900,"Carpet Area","Ramapuram","Semi-Furnished","Bachelors/Family",2,"Contact Owner"
"824","1",9000,450,"Super Area","Virugambakkam","Unfurnished","Family",1,"Contact Owner"
"825","2",14000,1200,"Super Area","Porur","Unfurnished","Bachelors/Family",2,"Contact Owner"
"826","2",8500,650,"Super Area","Jalladian Pet","Semi-Furnished","Bachelors/Family",2,"Contact Owner"
"827","3",35000,1903,"Super Area","Old Mahabalipuram Road","Semi-Furnished","Bachelors/Family",3,"Contact Owner"
"828","2",10000,650,"Super Area","Arcot Road Virugambakkam","Semi-Furnished","Bachelors/Family",1,"Contact Owner"
"829","1",5000,450,"Carpet Area","Housing Board","Unfurnished","Bachelors/Family",1,"Contact Owner"
"830","2",23000,900,"Carpet Area","besant nagar Chennai","Unfurnished","Bachelors",2,"Contact Owner"
"831","2",15000,550,"Super Area","Ashok Nagar","Unfurnished","Family",1,"Contact Owner"
"832","2",18500,750,"Super Area","Adyar, Sardar Patel Road","Semi-Furnished","Bachelors/Family",2,"Contact Owner"
"833","2",28000,1000,"Super Area","Velachery","Semi-Furnished","Bachelors/Family",2,"Contact Owner"
"834","3",32000,1050,"Carpet Area","Vadapalani","Semi-Furnished","Family",3,"Contact Agent"
"835","1",14000,650,"Carpet Area","Mattan Kuppam, Triplicane","Furnished","Family",2,"Contact Owner"
"836","1",7000,400,"Super Area","Injambakkam","Semi-Furnished","Bachelors/Family",1,"Contact Owner"
"837","3",33000,1075,"Carpet Area","Vadapalani","Semi-Furnished","Family",3,"Contact Agent"
"838","3",100000,2000,"Carpet Area","Alwarpet","Semi-Furnished","Bachelors",3,"Contact Agent"
"839","2",18000,720,"Super Area","Kasturibai Nagar","Semi-Furnished","Bachelors/Family",2,"Contact Owner"
"840","3",16000,1000,"Carpet Area","Ponniammanmedu","Unfurnished","Bachelors",2,"Contact Owner"
"841","1",8500,500,"Super Area","Ayanavaram","Unfurnished","Bachelors/Family",1,"Contact Owner"
"842","2",10000,900,"Super Area","Nandivaram-Guduvancheri","Furnished","Bachelors/Family",2,"Contact Owner"
"843","2",13500,900,"Super Area","Singaperumal Koil, Tiruchi Chennai Highway","Semi-Furnished","Bachelors/Family",2,"Contact Owner"
"844","2",19000,900,"Super Area","Kodambakkam","Semi-Furnished","Bachelors/Family",2,"Contact Owner"
"845","1",11500,1000,"Super Area","Ayappakkam","Unfurnished","Bachelors/Family",2,"Contact Owner"
"846","3",22000,1300,"Super Area","Jawahar Nagar","Semi-Furnished","Family",3,"Contact Owner"
"847","3",12000,1383,"Super Area","Perungalathur, Chennai Bypass Road","Semi-Furnished","Bachelors",3,"Contact Owner"
"848","2",10000,800,"Carpet Area","Guduvancheri","Semi-Furnished","Bachelors",2,"Contact Owner"
"849","2",15000,1500,"Carpet Area","Madambakkam","Unfurnished","Bachelors",2,"Contact Owner"
"850","3",35000,1350,"Carpet Area","Anna Nagar West Extension","Semi-Furnished","Bachelors",2,"Contact Agent"
"851","3",70000,2000,"Carpet Area","Adyar, Sardar Patel Road","Semi-Furnished","Bachelors",3,"Contact Agent"
"852","3",32000,1200,"Carpet Area","Anna Nagar West Extension","Unfurnished","Bachelors",2,"Contact Agent"
"853","3",35000,1912,"Carpet Area","Alwarthirunagar","Unfurnished","Bachelors",3,"Contact Agent"
"854","1",10000,500,"Carpet Area","Old Washermanpet","Unfurnished","Bachelors",1,"Contact Owner"
"855","2",11000,950,"Super Area","Iyyappanthangal Bus Stop, Iyyappanthangal, PH Road","Unfurnished","Bachelors",2,"Contact Owner"
"856","2",12000,1000,"Carpet Area","Kolathur","Unfurnished","Bachelors",2,"Contact Owner"
"857","3",40000,1600,"Carpet Area","Prestige Bellavista","Unfurnished","Bachelors",3,"Contact Owner"
"858","2",8000,900,"Super Area","Sithalapakkam","Unfurnished","Bachelors/Family",2,"Contact Owner"
"859","3",20000,1265,"Super Area","Adambakkam","Semi-Furnished","Bachelors/Family",2,"Contact Owner"
"860","3",12000,1060,"Super Area","Urapakkam, Vandalur R.F, GST Road","Semi-Furnished","Bachelors/Family",2,"Contact Owner"
"861","2",15000,1050,"Super Area","Medavakkam","Semi-Furnished","Bachelors/Family",2,"Contact Owner"
"862","3",27000,1500,"Carpet Area","Perungudi","Unfurnished","Bachelors",3,"Contact Agent"
"863","2",13000,890,"Carpet Area","Oliyas Green court","Unfurnished","Bachelors",2,"Contact Owner"
"864","2",9000,700,"Carpet Area","Keelkattalai","Unfurnished","Bachelors/Family",3,"Contact Owner"
"865","3",25000,1146,"Carpet Area","Chinna Porur","Semi-Furnished","Bachelors/Family",2,"Contact Owner"
"866","1",12000,700,"Super Area","Thiruvanmiyur","Semi-Furnished","Bachelors/Family",1,"Contact Owner"
"867","2",18000,800,"Carpet Area","Anna Nagar East","Semi-Furnished","Bachelors",2,"Contact Agent"
"868","2",9500,640,"Carpet Area","Mogappair West","Unfurnished","Bachelors/Family",2,"Contact Owner"
"869","2",14000,909,"Super Area","Mahindra World City","Semi-Furnished","Bachelors/Family",2,"Contact Owner"
"870","4",40000,2400,"Carpet Area","Palavakkam, E Coast Road","Unfurnished","Bachelors",3,"Contact Agent"
"871","4",70000,3800,"Carpet Area","Injambakkam","Semi-Furnished","Bachelors/Family",4,"Contact Agent"
"872","2",15000,400,"Super Area","Periyamet","Unfurnished","Bachelors/Family",2,"Contact Owner"
"873","2",8500,886,"Super Area","Pallavan Nagar-Thiruverkadu","Unfurnished","Family",2,"Contact Owner"
"874","3",27500,1570,"Super Area","Sholinganallur","Semi-Furnished","Bachelors/Family",3,"Contact Owner"
"875","2",15000,900,"Super Area","Kolathur","Unfurnished","Bachelors/Family",2,"Contact Owner"
"876","1",5000,400,"Super Area","Medavakkam","Unfurnished","Bachelors/Family",1,"Contact Owner"
"877","2",26000,1600,"Super Area","Madipakkam","Semi-Furnished","Bachelors/Family",2,"Contact Owner"
"878","2",14000,1000,"Super Area","Chromepet, GST Road","Unfurnished","Bachelors/Family",2,"Contact Owner"
"879","2",20000,850,"Super Area","Velachery","Semi-Furnished","Bachelors/Family",2,"Contact Owner"
"880","2",12000,750,"Super Area","Andal Nagar","Unfurnished","Bachelors/Family",2,"Contact Owner"
"881","2",17000,750,"Super Area","Kamarajar Salai","Unfurnished","Bachelors/Family",2,"Contact Owner"
"882","3",75000,2000,"Carpet Area","Deepa Appartment Turnbulls","Semi-Furnished","Bachelors/Family",3,"Contact Owner"
"883","3",19500,1270,"Super Area","Madipakkam","Semi-Furnished","Bachelors",2,"Contact Owner"
"884","2",10000,2000,"Carpet Area","Sadhanadhapuram","Semi-Furnished","Bachelors/Family",2,"Contact Owner"
"885","2",32000,1250,"Super Area","Nungambakkam","Furnished","Bachelors/Family",2,"Contact Owner"
"886","2",15000,1000,"Super Area","Velachery","Unfurnished","Family",2,"Contact Owner"
"887","3",28000,1050,"Carpet Area","Pallavaram","Semi-Furnished","Bachelors/Family",3,"Contact Agent"
"888","2",10677,800,"Super Area","Kelambakkam, Old Mahabalipuram Road","Semi-Furnished","Bachelors/Family",2,"Contact Owner"
"889","3",50000,1625,"Super Area","Old Mahabalipuram Road","Furnished","Bachelors/Family",3,"Contact Agent"
"890","3",32500,1535,"Super Area","Karapakkam","Unfurnished","Bachelors/Family",3,"Contact Agent"
"891","2",23000,850,"Carpet Area","Choolaimedu","Furnished","Bachelors/Family",2,"Contact Owner"
